DINNER,banquet
DINNER,breakfast
DINNER,cookbook
DINNER,dessert
DINNER,dine
DINNER,diner
DINNER,dishes
DINNER,elegant
DINNER,feast
DINNER,frozen
DINNER,gourmet
DINNER,lunch
DINNER,meal
DINNER,napkin
DINNER,plate
DINNER,plates
DINNER,prepare
DINNER,reservation
DINNER,restaurant
DINNER,silverware
DINNER,steak
DINNER,stew
DINNER,super
DINNER,supper
DINNER,thanksgiving
DINNER,turkey
DINNER,wine
CHEMISTRY,atom
CHEMISTRY,beaker
CHEMISTRY,biology
CHEMISTRY,chemical
CHEMISTRY,chromosomes
CHEMISTRY,components
CHEMISTRY,compound
CHEMISTRY,electron
CHEMISTRY,element
CHEMISTRY,elements
CHEMISTRY,experiment
CHEMISTRY,flask
CHEMISTRY,formula
CHEMISTRY,lab
CHEMISTRY,mixture
CHEMISTRY,molecule
CHEMISTRY,neutron
CHEMISTRY,nitrogen
CHEMISTRY,peroxide
CHEMISTRY,physics
CHEMISTRY,proton
CHEMISTRY,science
CHEMISTRY,scientific
CHEMISTRY,scientist
CHEMISTRY,solution
CHEMISTRY,substance
CHEMISTRY,test tube
DANGER,barracuda
DANGER,beware
DANGER,caution
DANGER,cautious
DANGER,crisis
DANGER,daring
DANGER,dynamite
DANGER,explosion
DANGER,extreme
DANGER,harm
DANGER,hazard
DANGER,help
DANGER,hitchhike
DANGER,jeopardy
DANGER,motorcycle
DANGER,poison
DANGER,risk
DANGER,safe
DANGER,safety
DANGER,shark
DANGER,stranger
DANGER,threat
DANGER,trouble
DANGER,warn
DANGER,warning
DANGER,weapon
DANGER,zone
BEAUTIFUL,america
BEAUTIFUL,appearance
BEAUTIFUL,art
BEAUTIFUL,attractive
BEAUTIFUL,bold
BEAUTIFUL,butterfly
BEAUTIFUL,elegant
BEAUTIFUL,extravagant
BEAUTIFUL,flowers
BEAUTIFUL,girls
BEAUTIFUL,goddess
BEAUTIFUL,godliness
BEAUTIFUL,gorgeous
BEAUTIFUL,graceful
BEAUTIFUL,hawaii
BEAUTIFUL,landscape
BEAUTIFUL,mermaid
BEAUTIFUL,model
BEAUTIFUL,poem
BEAUTIFUL,poetry
BEAUTIFUL,pretty
BEAUTIFUL,princess
BEAUTIFUL,rainbow
BEAUTIFUL,scenery
BEAUTIFUL,sexy
BEAUTIFUL,sunrise
BEAUTIFUL,sunset
BEAUTIFUL,swan
BEAUTIFUL,ugly
BEAUTIFUL,unicorn
BEAUTIFUL,view
BEAUTIFUL,waterfall
BEAUTIFUL,wonderful
FAMILY,affair
FAMILY,ancestor
FAMILY,background
FAMILY,caravan
FAMILY,cousin
FAMILY,disown
FAMILY,feud
FAMILY,friends
FAMILY,gathering
FAMILY,grandpa
FAMILY,grandparents
FAMILY,happiness
FAMILY,heritage
FAMILY,holiday
FAMILY,home
FAMILY,house
FAMILY,kin
FAMILY,living room
FAMILY,member
FAMILY,neighborhood
FAMILY,nephew
FAMILY,parents
FAMILY,people
FAMILY,portrait
FAMILY,relation
FAMILY,relative
FAMILY,royal
FAMILY,sibling
FAMILY,sister
FAMILY,support
FAMILY,tradition
FAMILY,vacation
FAMILY,visit
FLOWER,basket
FLOWER,bloom
FLOWER,blossom
FLOWER,bud
FLOWER,bulb
FLOWER,bunch
FLOWER,butterfly
FLOWER,daisy
FLOWER,dandelion
FLOWER,delicate
FLOWER,garden
FLOWER,grow
FLOWER,lily
FLOWER,meadow
FLOWER,nursery
FLOWER,orchard
FLOWER,orchid
FLOWER,pedal
FLOWER,petals
FLOWER,pick
FLOWER,piston
FLOWER,plant
FLOWER,pot
FLOWER,rose
FLOWER,seed
FLOWER,spring
FLOWER,stem
FLOWER,tulip
FLOWER,turnip
FLOWER,vase
FLOWER,viola
FLOWER,violet
FLOWER,wall
FLOWER,weed
CLOTHES,appearance
CLOTHES,apron
CLOTHES,article
CLOTHES,attire
CLOTHES,bleach
CLOTHES,bra
CLOTHES,bureau
CLOTHES,buy
CLOTHES,casual
CLOTHES,change
CLOTHES,closet
CLOTHES,cloth
CLOTHES,costume
CLOTHES,cotton
CLOTHES,design
CLOTHES,designer
CLOTHES,detergent
CLOTHES,drawer
CLOTHES,dress
CLOTHES,dresser
CLOTHES,dressing
CLOTHES,dry
CLOTHES,dryer
CLOTHES,emperor
CLOTHES,expensive
CLOTHES,fabric
CLOTHES,fad
CLOTHES,fancy
CLOTHES,fashion
CLOTHES,fiber
CLOTHES,fit
CLOTHES,fuzz
CLOTHES,gear
CLOTHES,hamper
CLOTHES,hang
CLOTHES,hanger
CLOTHES,iron
CLOTHES,lace
CLOTHES,laundry
CLOTHES,layer
CLOTHES,line
CLOTHES,linen
CLOTHES,lint
CLOTHES,loose
CLOTHES,luggage
CLOTHES,mall
CLOTHES,manufacture
CLOTHES,manufacturer
CLOTHES,material
CLOTHES,model
CLOTHES,moth
CLOTHES,outfit
CLOTHES,pants
CLOTHES,pattern
CLOTHES,polyester
CLOTHES,purchase
CLOTHES,rack
CLOTHES,robe
CLOTHES,sale
CLOTHES,sales
CLOTHES,sash
CLOTHES,seam
CLOTHES,sew
CLOTHES,shed
CLOTHES,shirt
CLOTHES,shop
CLOTHES,shopping
CLOTHES,shorts
CLOTHES,shrink
CLOTHES,size
CLOTHES,skirt
CLOTHES,stain
CLOTHES,starch
CLOTHES,stitch
CLOTHES,store
CLOTHES,style
CLOTHES,suit
CLOTHES,suitcase
CLOTHES,sweater
CLOTHES,tag
CLOTHES,trend
CLOTHES,underwear
CLOTHES,uniform
CLOTHES,unit
CLOTHES,vest
CLOTHES,wardrobe
CLOTHES,wash
CLOTHES,washer
CLOTHES,wear
CLOTHES,worn
FRIEND,adversary
FRIEND,advice
FRIEND,advise
FRIEND,associate
FRIEND,best
FRIEND,betray
FRIEND,brother
FRIEND,buddy
FRIEND,companion
FRIEND,company
FRIEND,concern
FRIEND,confidence
FRIEND,cousin
FRIEND,depend
FRIEND,enemy
FRIEND,family
FRIEND,favor
FRIEND,fellow
FRIEND,foe
FRIEND,fraternity
FRIEND,friendliness
FRIEND,friendly
FRIEND,friendship
FRIEND,gang
FRIEND,girl
FRIEND,girlfriend
FRIEND,gossip
FRIEND,guest
FRIEND,helper
FRIEND,helpful
FRIEND,intimate
FRIEND,jealousy
FRIEND,kind
FRIEND,letter
FRIEND,letters
FRIEND,lover
FRIEND,loyal
FRIEND,loyalty
FRIEND,mary
FRIEND,mate
FRIEND,meet
FRIEND,neighbor
FRIEND,pal
FRIEND,partner
FRIEND,peer
FRIEND,people
FRIEND,person
FRIEND,pier
FRIEND,quarrel
FRIEND,relation
FRIEND,relationship
FRIEND,relative
FRIEND,reliable
FRIEND,rely
FRIEND,roommate
FRIEND,share
FRIEND,sister
FRIEND,stranger
FRIEND,support
FRIEND,teacher
FRIEND,trust
FRIEND,trustworthy
FRIEND,visit
FRIEND,visitor
ANIMAL,aardvark
ANIMAL,alligator
ANIMAL,anteater
ANIMAL,antelope
ANIMAL,ape
ANIMAL,barn
ANIMAL,bear
ANIMAL,beast
ANIMAL,beaver
ANIMAL,biology
ANIMAL,bird
ANIMAL,bison
ANIMAL,breed
ANIMAL,buck
ANIMAL,buffalo
ANIMAL,cage
ANIMAL,camel
ANIMAL,capture
ANIMAL,chimpanzee
ANIMAL,chipmunk
ANIMAL,circus
ANIMAL,claw
ANIMAL,cocoon
ANIMAL,cougar
ANIMAL,coyote
ANIMAL,creature
ANIMAL,deer
ANIMAL,dinosaur
ANIMAL,dog
ANIMAL,donkey
ANIMAL,duck
ANIMAL,elephant
ANIMAL,elk
ANIMAL,ewe
ANIMAL,extinct
ANIMAL,farm
ANIMAL,feed
ANIMAL,fox
ANIMAL,fur
ANIMAL,furry
ANIMAL,gazelle
ANIMAL,giraffe
ANIMAL,goat
ANIMAL,herd
ANIMAL,horse
ANIMAL,human
ANIMAL,hunt
ANIMAL,jungle
ANIMAL,kangaroo
ANIMAL,kingdom
ANIMAL,leopard
ANIMAL,lion
ANIMAL,lizard
ANIMAL,mammal
ANIMAL,marine
ANIMAL,mink
ANIMAL,mole
ANIMAL,mongoose
ANIMAL,monkey
ANIMAL,monster
ANIMAL,moose
ANIMAL,mule
ANIMAL,otter
ANIMAL,ox
ANIMAL,panther
ANIMAL,party
ANIMAL,paw
ANIMAL,pelt
ANIMAL,penguin
ANIMAL,person
ANIMAL,pet
ANIMAL,pig
ANIMAL,plant
ANIMAL,porcupine
ANIMAL,porpoise
ANIMAL,possum
ANIMAL,predator
ANIMAL,prey
ANIMAL,primate
ANIMAL,rabbit
ANIMAL,raccoon
ANIMAL,ram
ANIMAL,rat
ANIMAL,safari
ANIMAL,scapegoat
ANIMAL,seal
ANIMAL,sheep
ANIMAL,skunk
ANIMAL,snake
ANIMAL,sphinx
ANIMAL,squirrel
ANIMAL,steer
ANIMAL,stray
ANIMAL,stuff
ANIMAL,tail
ANIMAL,tame
ANIMAL,territory
ANIMAL,tiger
ANIMAL,trap
ANIMAL,turtle
ANIMAL,vet
ANIMAL,walrus
ANIMAL,wild
ANIMAL,wolf
ANIMAL,zebra
ANIMAL,zoo
DOCTOR,analysis
DOCTOR,anatomy
DOCTOR,appointment
DOCTOR,biologist
DOCTOR,chart
DOCTOR,clinic
DOCTOR,cure
DOCTOR,dentist
DOCTOR,examine
DOCTOR,heal
DOCTOR,health
DOCTOR,hospital
DOCTOR,injection
DOCTOR,lawyer
DOCTOR,medical
DOCTOR,medication
DOCTOR,medicine
DOCTOR,nurse
DOCTOR,occupation
DOCTOR,operate
DOCTOR,operation
DOCTOR,orthodontist
DOCTOR,patient
DOCTOR,physical
DOCTOR,physician
DOCTOR,prescription
DOCTOR,profession
DOCTOR,professional
DOCTOR,professor
DOCTOR,quack
DOCTOR,recommendation
DOCTOR,scalpel
DOCTOR,scientist
DOCTOR,sergeant
DOCTOR,shrink
DOCTOR,sick
DOCTOR,stethoscope
DOCTOR,surgeon
DOCTOR,surgery
DOCTOR,syringe
DOCTOR,treatment
DOCTOR,vet
DOCTOR,witch
TELEVISION,actor
TELEVISION,actress
TELEVISION,ad
TELEVISION,advertisement
TELEVISION,antenna
TELEVISION,cable
TELEVISION,caption
TELEVISION,cartoon
TELEVISION,channel
TELEVISION,cheer
TELEVISION,commercial
TELEVISION,console
TELEVISION,couch
TELEVISION,dynasty
TELEVISION,entertainment
TELEVISION,fuzz
TELEVISION,jeopardy
TELEVISION,living room
TELEVISION,mash
TELEVISION,media
TELEVISION,movie
TELEVISION,network
TELEVISION,news
TELEVISION,press
TELEVISION,producer
TELEVISION,production
TELEVISION,program
TELEVISION,radio
TELEVISION,screen
TELEVISION,serial
TELEVISION,series
TELEVISION,set
TELEVISION,show
TELEVISION,tube
TELEVISION,video
TELEVISION,view
TELEVISION,zenith
SCHOOL,absent
SCHOOL,admission
SCHOOL,alphabet
SCHOOL,assignment
SCHOOL,attend
SCHOOL,attendance
SCHOOL,backpack
SCHOOL,bell
SCHOOL,blackboard
SCHOOL,book
SCHOOL,bookbag
SCHOOL,building
SCHOOL,burden
SCHOOL,bus
SCHOOL,busy
SCHOOL,campus
SCHOOL,chalkboard
SCHOOL,class
SCHOOL,college
SCHOOL,course
SCHOOL,crossing
SCHOOL,degree
SCHOOL,diploma
SCHOOL,dorm
SCHOOL,educate
SCHOOL,education
SCHOOL,everyday
SCHOOL,faculty
SCHOOL,fee
SCHOOL,flunk
SCHOOL,folder
SCHOOL,frustration
SCHOOL,grade
SCHOOL,graduate
SCHOOL,graduation
SCHOOL,grammar
SCHOOL,hall
SCHOOL,hallway
SCHOOL,hectic
SCHOOL,history
SCHOOL,homework
SCHOOL,important
SCHOOL,intuition
SCHOOL,junior
SCHOOL,law
SCHOOL,learn
SCHOOL,learner
SCHOOL,learning
SCHOOL,lesson
SCHOOL,monday
SCHOOL,notebook
SCHOOL,notes
SCHOOL,nursery
SCHOOL,playground
SCHOOL,policy
SCHOOL,principal
SCHOOL,principle
SCHOOL,project
SCHOOL,public
SCHOOL,rule
SCHOOL,schedule
SCHOOL,scholarship
SCHOOL,semester
SCHOOL,session
SCHOOL,spirit
SCHOOL,staff
SCHOOL,stress
SCHOOL,student
SCHOOL,study
SCHOOL,subject
SCHOOL,sunday
SCHOOL,system
SCHOOL,teach
SCHOOL,teacher
SCHOOL,tension
SCHOOL,term
SCHOOL,terms
SCHOOL,test
SCHOOL,thinking
SCHOOL,university
SCHOOL,wednesday
SCHOOL,zone
PICTURE,album
PICTURE,art
PICTURE,arts
PICTURE,billboard
PICTURE,camera
PICTURE,caption
PICTURE,develop
PICTURE,diagram
PICTURE,display
PICTURE,draw
PICTURE,drawing
PICTURE,film
PICTURE,frame
PICTURE,hang
PICTURE,hung
PICTURE,identification
PICTURE,illusion
PICTURE,image
PICTURE,motion
PICTURE,movie
PICTURE,paint
PICTURE,painting
PICTURE,photo
PICTURE,portrait
PICTURE,portray
PICTURE,scene
PICTURE,scenery
PICTURE,sketch
PICTURE,wall
NUMBER,account
NUMBER,algebra
NUMBER,amount
NUMBER,arithmetic
NUMBER,code
NUMBER,count
NUMBER,dice
NUMBER,digit
NUMBER,eight
NUMBER,factor
NUMBER,five
NUMBER,four
NUMBER,hundred
NUMBER,identification
NUMBER,infinite
NUMBER,math
NUMBER,name
NUMBER,nine
NUMBER,one
NUMBER,page
NUMBER,percent
NUMBER,percentage
NUMBER,phone
NUMBER,population
NUMBER,quantity
NUMBER,quotient
NUMBER,ruler
NUMBER,serial
NUMBER,seven
NUMBER,six
NUMBER,telephone
NUMBER,ten
NUMBER,third
NUMBER,three
NUMBER,twelve
NUMBER,two
NUMBER,zero
NUMBER,zodiac
ANSWER,ask
ANSWER,call
ANSWER,comment
ANSWER,conclusion
ANSWER,correct
ANSWER,determine
ANSWER,explain
ANSWER,explanation
ANSWER,guess
ANSWER,hint
ANSWER,knock
ANSWER,meaning
ANSWER,problem
ANSWER,question
ANSWER,quotient
ANSWER,remark
ANSWER,reply
ANSWER,request
ANSWER,respond
ANSWER,response
ANSWER,result
ANSWER,solution
ANSWER,solve
ANSWER,specific
ANSWER,statement
ANSWER,suggestion
ANSWER,verdict
FOOTBALL,arena
FOOTBALL,athlete
FOOTBALL,athletic
FOOTBALL,ball
FOOTBALL,baseball
FOOTBALL,basketball
FOOTBALL,cheer
FOOTBALL,cheerleader
FOOTBALL,coach
FOOTBALL,defense
FOOTBALL,dolphin
FOOTBALL,field
FOOTBALL,game
FOOTBALL,games
FOOTBALL,giant
FOOTBALL,goal
FOOTBALL,helmet
FOOTBALL,jock
FOOTBALL,kick
FOOTBALL,offense
FOOTBALL,padding
FOOTBALL,pass
FOOTBALL,patriot
FOOTBALL,player
FOOTBALL,practice
FOOTBALL,pro
FOOTBALL,professional
FOOTBALL,ram
FOOTBALL,referee
FOOTBALL,soccer
FOOTBALL,softball
FOOTBALL,sport
FOOTBALL,sports
FOOTBALL,stadium
FOOTBALL,tackle
FOOTBALL,tag
FOOTBALL,team
FOOTBALL,touchdown
FOOTBALL,viking
FOOTBALL,volleyball
BASEBALL,ball
BASEBALL,base
BASEBALL,basketball
BASEBALL,bat
BASEBALL,cardinal
BASEBALL,catcher
BASEBALL,era
BASEBALL,field
BASEBALL,football
BASEBALL,game
BASEBALL,glove
BASEBALL,hat
BASEBALL,hot dogs
BASEBALL,league
BASEBALL,peanuts
BASEBALL,pitch
BASEBALL,pitcher
BASEBALL,player
BASEBALL,referee
BASEBALL,series
BASEBALL,softball
BASEBALL,sports
BASEBALL,stadium
BASEBALL,strike
BASEBALL,team
BASEBALL,umpire
TOGETHER,alone
TOGETHER,apart
TOGETHER,attach
TOGETHER,belong
TOGETHER,binder
TOGETHER,blend
TOGETHER,bond
TOGETHER,bondage
TOGETHER,bound
TOGETHER,combination
TOGETHER,combine
TOGETHER,community
TOGETHER,compose
TOGETHER,compound
TOGETHER,connect
TOGETHER,couple
TOGETHER,family
TOGETHER,friendship
TOGETHER,fuse
TOGETHER,gather
TOGETHER,gathering
TOGETHER,harmony
TOGETHER,integrate
TOGETHER,join
TOGETHER,joint
TOGETHER,link
TOGETHER,mixed
TOGETHER,organization
TOGETHER,relationship
TOGETHER,separate
TOGETHER,share
TOGETHER,split
TOGETHER,stapler
TOGETHER,team
TOGETHER,twine
TOGETHER,union
TOGETHER,unite
TOGETHER,united
TOGETHER,with
STRONG,aggressive
STRONG,almighty
STRONG,athlete
STRONG,athletic
STRONG,backbone
STRONG,bold
STRONG,brave
STRONG,bravery
STRONG,confidence
STRONG,confident
STRONG,courage
STRONG,courageous
STRONG,dominant
STRONG,dominate
STRONG,feeble
STRONG,fierce
STRONG,fighter
STRONG,firm
STRONG,forceful
STRONG,fort
STRONG,grip
STRONG,gymnast
STRONG,hardy
STRONG,harsh
STRONG,healthy
STRONG,independent
STRONG,intensity
STRONG,might
STRONG,muscle
STRONG,overpower
STRONG,popeye
STRONG,power
STRONG,powerful
STRONG,proud
STRONG,solid
STRONG,steel
STRONG,stern
STRONG,strength
STRONG,superman
STRONG,tough
STRONG,weak
STRONG,weakness
STRONG,weights
STRONG,wimp
CHICKEN,barbecue
CHICKEN,bouillon
CHICKEN,breast
CHICKEN,broth
CHICKEN,chick
CHICKEN,coleslaw
CHICKEN,colonel
CHICKEN,coward
CHICKEN,egg
CHICKEN,eggs
CHICKEN,feathers
CHICKEN,feed
CHICKEN,fried
CHICKEN,fry
CHICKEN,grill
CHICKEN,hen
CHICKEN,liver
CHICKEN,meat
CHICKEN,noodles
CHICKEN,pluck
CHICKEN,popeye
CHICKEN,rice
CHICKEN,roost
CHICKEN,rooster
CHICKEN,soup
CHICKEN,southern
CHICKEN,thigh
CHICKEN,turkey
CHICKEN,wings
MOUNTAIN,bike
MOUNTAIN,boulder
MOUNTAIN,cabin
MOUNTAIN,canyon
MOUNTAIN,cave
MOUNTAIN,cliff
MOUNTAIN,climb
MOUNTAIN,climber
MOUNTAIN,dew
MOUNTAIN,goat
MOUNTAIN,high
MOUNTAIN,hike
MOUNTAIN,hiker
MOUNTAIN,hiking
MOUNTAIN,hill
MOUNTAIN,lodge
MOUNTAIN,peak
MOUNTAIN,rocks
MOUNTAIN,scenery
MOUNTAIN,ski
MOUNTAIN,slope
MOUNTAIN,smoky
MOUNTAIN,steep
MOUNTAIN,summit
MOUNTAIN,valley
MOUNTAIN,view
MOUNTAIN,waterfall
MOUNTAIN,woods
BUILDING,apartment
BUILDING,architect
BUILDING,architecture
BUILDING,block
BUILDING,blocks
BUILDING,blueprint
BUILDING,build
BUILDING,builder
BUILDING,business
BUILDING,capital
BUILDING,city
BUILDING,column
BUILDING,complex
BUILDING,construct
BUILDING,construction
BUILDING,constructive
BUILDING,contractor
BUILDING,corporation
BUILDING,development
BUILDING,elevator
BUILDING,empire
BUILDING,erect
BUILDING,factory
BUILDING,fort
BUILDING,foundation
BUILDING,hallway
BUILDING,heights
BUILDING,ledge
BUILDING,monument
BUILDING,office
BUILDING,plaster
BUILDING,plaza
BUILDING,site
BUILDING,skyscraper
BUILDING,steps
BUILDING,store
BUILDING,structure
BUILDING,tower
BUILDING,warehouse
LETTER,a
LETTER,block
LETTER,card
LETTER,envelope
LETTER,fold
LETTER,form
LETTER,grade
LETTER,greek
LETTER,initial
LETTER,mail
LETTER,mailbox
LETTER,mailman
LETTER,message
LETTER,news
LETTER,note
LETTER,notice
LETTER,number
LETTER,receive
LETTER,recommendation
LETTER,send
LETTER,spell
LETTER,stamp
LETTER,type
LETTER,typewriter
LETTER,word
LETTER,write
TEACHER,assistant
TEACHER,authority
TEACHER,biologist
TEACHER,blackboard
TEACHER,chalkboard
TEACHER,class
TEACHER,coach
TEACHER,conductor
TEACHER,conference
TEACHER,dictator
TEACHER,director
TEACHER,educate
TEACHER,education
TEACHER,expert
TEACHER,faculty
TEACHER,helper
TEACHER,high school
TEACHER,instruct
TEACHER,instruction
TEACHER,instructor
TEACHER,learner
TEACHER,lesson
TEACHER,master
TEACHER,philosopher
TEACHER,philosophy
TEACHER,preacher
TEACHER,principal
TEACHER,professional
TEACHER,professor
TEACHER,pupil
TEACHER,recommendation
TEACHER,school
TEACHER,speaker
TEACHER,strict
TEACHER,student
TEACHER,teach
CHOCOLATE,almond
CHOCOLATE,bounty
CHOCOLATE,cake
CHOCOLATE,candy
CHOCOLATE,chip
CHOCOLATE,chunk
CHOCOLATE,cookie
CHOCOLATE,crave
CHOCOLATE,crunchy
CHOCOLATE,dessert
CHOCOLATE,fattening
CHOCOLATE,flavor
CHOCOLATE,frosting
CHOCOLATE,fudge
CHOCOLATE,ice cream
CHOCOLATE,malt
CHOCOLATE,milk
CHOCOLATE,mint
CHOCOLATE,mints
CHOCOLATE,mousse
CHOCOLATE,pie
CHOCOLATE,pudding
CHOCOLATE,shake
CHOCOLATE,sweet
CHOCOLATE,topping
CHOCOLATE,vanilla
CHOCOLATE,yogurt
DIFFERENT,abnormal
DIFFERENT,abstract
DIFFERENT,alike
DIFFERENT,alternative
DIFFERENT,another
DIFFERENT,awkward
DIFFERENT,change
DIFFERENT,differ
DIFFERENT,dissimilar
DIFFERENT,distinct
DIFFERENT,foreign
DIFFERENT,odd
DIFFERENT,opposite
DIFFERENT,ordinary
DIFFERENT,other
DIFFERENT,people
DIFFERENT,same
DIFFERENT,similar
DIFFERENT,special
DIFFERENT,strange
DIFFERENT,uncommon
DIFFERENT,unequal
DIFFERENT,unique
DIFFERENT,unusual
DIFFERENT,variety
DIFFERENT,vary
DIFFERENT,weird
COMPUTER,basic
COMPUTER,bit
COMPUTER,calculate
COMPUTER,code
COMPUTER,compute
COMPUTER,console
COMPUTER,data
COMPUTER,disc
COMPUTER,display
COMPUTER,excel
COMPUTER,information
COMPUTER,keyboard
COMPUTER,logic
COMPUTER,machine
COMPUTER,mousse
COMPUTER,network
COMPUTER,print
COMPUTER,printer
COMPUTER,printing
COMPUTER,process
COMPUTER,program
COMPUTER,robot
COMPUTER,system
COMPUTER,technician
COMPUTER,technology
COMPUTER,terminal
COMPUTER,typewriter
COUNTRY,africa
COUNTRY,america
COUNTRY,asia
COUNTRY,banjo
COUNTRY,border
COUNTRY,boundary
COUNTRY,china
COUNTRY,citizen
COUNTRY,continent
COUNTRY,cottage
COUNTRY,county
COUNTRY,cowgirl
COUNTRY,cross
COUNTRY,custom
COUNTRY,defend
COUNTRY,egypt
COUNTRY,england
COUNTRY,europe
COUNTRY,farm
COUNTRY,fiddle
COUNTRY,flag
COUNTRY,foreign
COUNTRY,france
COUNTRY,japan
COUNTRY,land
COUNTRY,leader
COUNTRY,map
COUNTRY,nation
COUNTRY,national
COUNTRY,native
COUNTRY,patriotic
COUNTRY,pride
COUNTRY,providence
COUNTRY,ranch
COUNTRY,republic
COUNTRY,rural
COUNTRY,russia
COUNTRY,scenery
COUNTRY,southern
COUNTRY,state
COUNTRY,suburb
COUNTRY,town
COUNTRY,usa
PRETTY,adorable
PRETTY,appearance
PRETTY,attract
PRETTY,attractive
PRETTY,beautiful
PRETTY,beauty
PRETTY,butterfly
PRETTY,compliment
PRETTY,cosmetics
PRETTY,cute
PRETTY,decorate
PRETTY,decoration
PRETTY,doll
PRETTY,dress
PRETTY,elegant
PRETTY,face
PRETTY,fancy
PRETTY,flower
PRETTY,flowers
PRETTY,girl
PRETTY,girls
PRETTY,gorgeous
PRETTY,handsome
PRETTY,lace
PRETTY,looks
PRETTY,make up
PRETTY,model
PRETTY,pink
PRETTY,poetry
PRETTY,popular
PRETTY,rainbow
PRETTY,scenery
PRETTY,sexy
PRETTY,sunrise
PRETTY,sunset
PRETTY,tulip
PRETTY,ugly
PRETTY,waterfall
CHANGE,adjustment
CHANGE,affect
CHANGE,alter
CHANGE,become
CHANGE,cent
CHANGE,cents
CHANGE,circumstance
CHANGE,coin
CHANGE,differ
CHANGE,difference
CHANGE,dollars
CHANGE,effect
CHANGE,exact
CHANGE,lifestyle
CHANGE,oil
CHANGE,persuade
CHANGE,pocket
CHANGE,possibility
CHANGE,provision
CHANGE,puberty
CHANGE,quarter
CHANGE,rearrange
CHANGE,receipt
CHANGE,replace
CHANGE,revolution
CHANGE,season
CHANGE,shift
CHANGE,spare
CHANGE,swap
CHANGE,switch
CHANGE,vary
SCIENCE,anatomy
SCIENCE,arts
SCIENCE,astrology
SCIENCE,astronomy
SCIENCE,atom
SCIENCE,beaker
SCIENCE,behavior
SCIENCE,biologist
SCIENCE,biology
SCIENCE,chemical
SCIENCE,chemist
SCIENCE,chemistry
SCIENCE,chromosomes
SCIENCE,discovery
SCIENCE,einstein
SCIENCE,electron
SCIENCE,element
SCIENCE,elements
SCIENCE,experiment
SCIENCE,fiction
SCIENCE,formula
SCIENCE,frankenstein
SCIENCE,geology
SCIENCE,hypothesis
SCIENCE,inventor
SCIENCE,kinetic
SCIENCE,lab
SCIENCE,math
SCIENCE,microscope
SCIENCE,molecule
SCIENCE,neuron
SCIENCE,neutron
SCIENCE,newton
SCIENCE,nucleus
SCIENCE,periscope
SCIENCE,physics
SCIENCE,physiology
SCIENCE,project
SCIENCE,proton
SCIENCE,psychology
SCIENCE,relativity
SCIENCE,research
SCIENCE,scientific
SCIENCE,scientist
SCIENCE,social
SCIENCE,technology
SCIENCE,test tube
SCIENCE,theorem
SCIENCE,theory
SCIENCE,velocity
SCIENCE,weird
PERSON,agent
PERSON,annoying
PERSON,another
PERSON,being
PERSON,body
PERSON,character
PERSON,characteristic
PERSON,citizen
PERSON,clerk
PERSON,conceited
PERSON,customer
PERSON,face
PERSON,famous
PERSON,favorite
PERSON,fellow
PERSON,handicap
PERSON,human
PERSON,identification
PERSON,identity
PERSON,image
PERSON,independent
PERSON,individual
PERSON,missing
PERSON,name
PERSON,nosy
PERSON,other
PERSON,pedestrian
PERSON,people
PERSON,personality
PERSON,poet
PERSON,proprietor
PERSON,relative
PERSON,responsible
PERSON,sales
PERSON,scapegoat
PERSON,self
PERSON,shadow
PERSON,special
PERSON,stranger
PERSON,stuck up
PERSON,whom
PERSON,witness
PERSON,worker
QUESTION,answer
QUESTION,ask
QUESTION,curious
QUESTION,doubt
QUESTION,essay
QUESTION,example
QUESTION,explain
QUESTION,explanation
QUESTION,guess
QUESTION,how
QUESTION,hypothesis
QUESTION,inform
QUESTION,inquire
QUESTION,interview
QUESTION,jeopardy
QUESTION,maybe
QUESTION,mystery
QUESTION,problem
QUESTION,proposal
QUESTION,punctuation
QUESTION,request
QUESTION,respond
QUESTION,response
QUESTION,statement
QUESTION,suggestion
QUESTION,test
QUESTION,unknown
QUESTION,what
QUESTION,who
QUESTION,why
SCARED,beware
SCARED,brave
SCARED,coward
SCARED,fear
SCARED,frantic
SCARED,frightened
SCARED,heights
SCARED,hostage
SCARED,insecure
SCARED,jumpy
SCARED,nerves
SCARED,nervous
SCARED,panic
SCARED,running
SCARED,shock
SCARED,shutter
SCARED,shy
SCARED,superstition
SCARED,suspense
SCARED,tense
SCARED,timid
SCARED,uneasy
SCARED,vulnerable
SCARED,wary
SCARED,weary
SCARED,worry
PROBLEM,addiction
PROBLEM,attitude
PROBLEM,behavior
PROBLEM,burden
PROBLEM,catastrophe
PROBLEM,circumstance
PROBLEM,complex
PROBLEM,conflict
PROBLEM,crisis
PROBLEM,decide
PROBLEM,dilemma
PROBLEM,disorder
PROBLEM,emergency
PROBLEM,equation
PROBLEM,excuse
PROBLEM,fault
PROBLEM,impediment
PROBLEM,issue
PROBLEM,math
PROBLEM,mistake
PROBLEM,sinus
PROBLEM,situation
PROBLEM,solution
PROBLEM,solve
PROBLEM,stress
PROBLEM,symptom
PROBLEM,trouble
PROBLEM,unsolved
BORING,adventurous
BORING,average
BORING,banker
BORING,conference
BORING,drag
BORING,dull
BORING,english
BORING,essay
BORING,everyday
BORING,exciting
BORING,golf
BORING,history
BORING,homework
BORING,interest
BORING,interesting
BORING,lecture
BORING,literature
BORING,monday
BORING,monotonous
BORING,museum
BORING,opera
BORING,ordinary
BORING,plain
BORING,poetry
BORING,politics
BORING,reading
BORING,routine
BORING,scientific
BORING,speech
BORING,statistics
BORING,usual
BORING,wait
BORING,work
STREET,address
STREET,alley
STREET,avenue
STREET,block
STREET,boulevard
STREET,bourbon
STREET,city
STREET,corner
STREET,cross
STREET,crossing
STREET,curb
STREET,elm
STREET,highway
STREET,homeless
STREET,lane
STREET,main
STREET,neighborhood
STREET,parkway
STREET,pavement
STREET,pedestrian
STREET,road
STREET,sidewalk
STREET,tar
STREET,wall
STREET,way
INSTRUMENT,band
INSTRUMENT,banjo
INSTRUMENT,bass
INSTRUMENT,blunt
INSTRUMENT,brass
INSTRUMENT,cello
INSTRUMENT,clarinet
INSTRUMENT,device
INSTRUMENT,fiddle
INSTRUMENT,flute
INSTRUMENT,guitar
INSTRUMENT,harp
INSTRUMENT,horn
INSTRUMENT,oboe
INSTRUMENT,piano
INSTRUMENT,saxophone
INSTRUMENT,scalpel
INSTRUMENT,stethoscope
INSTRUMENT,trombone
INSTRUMENT,trumpet
INSTRUMENT,tuba
INSTRUMENT,tune
INSTRUMENT,viola
INSTRUMENT,violin
INSTRUMENT,woodwind
YELLOW,banana
YELLOW,blonde
YELLOW,bright
YELLOW,cab
YELLOW,canary
YELLOW,caution
YELLOW,cautious
YELLOW,chick
YELLOW,corn
YELLOW,coward
YELLOW,custard
YELLOW,daisy
YELLOW,dandelion
YELLOW,golden
YELLOW,green
YELLOW,highlight
YELLOW,lemon
YELLOW,lemonade
YELLOW,mellow
YELLOW,mustard
YELLOW,ribbon
YELLOW,squash
YELLOW,submarine
YELLOW,taxi
YELLOW,yield
KNOWLEDGE,acquire
KNOWLEDGE,aware
KNOWLEDGE,competence
KNOWLEDGE,education
KNOWLEDGE,encyclopedia
KNOWLEDGE,experience
KNOWLEDGE,expert
KNOWLEDGE,fact
KNOWLEDGE,facts
KNOWLEDGE,foresight
KNOWLEDGE,hindsight
KNOWLEDGE,idea
KNOWLEDGE,information
KNOWLEDGE,insight
KNOWLEDGE,instinct
KNOWLEDGE,know
KNOWLEDGE,known
KNOWLEDGE,learn
KNOWLEDGE,learning
KNOWLEDGE,science
KNOWLEDGE,skill
KNOWLEDGE,understand
KNOWLEDGE,understanding
KNOWLEDGE,wisdom
KNOWLEDGE,wise
ORANGE,apple
ORANGE,banana
ORANGE,blossom
ORANGE,carrot
ORANGE,carrots
ORANGE,citrus
ORANGE,crush
ORANGE,fruit
ORANGE,grape
ORANGE,grove
ORANGE,juice
ORANGE,lemon
ORANGE,orange juice
ORANGE,orchard
ORANGE,peel
ORANGE,produce
ORANGE,pumpkin
ORANGE,purple
ORANGE,rust
ORANGE,slice
ORANGE,squeeze
ORANGE,sunset
ORANGE,tangerine
ORANGE,tangy
WEIGHT,anchor
WEIGHT,balance
WEIGHT,calorie
WEIGHT,calories
WEIGHT,capacity
WEIGHT,diet
WEIGHT,exercise
WEIGHT,feather
WEIGHT,gain
WEIGHT,gravity
WEIGHT,heavy
WEIGHT,height
WEIGHT,lift
WEIGHT,lose
WEIGHT,mass
WEIGHT,net
WEIGHT,ounce
WEIGHT,pound
WEIGHT,scale
WEIGHT,scales
WEIGHT,size
WEIGHT,ton
WEIGHT,waist
WEIGHT,weigh
CHILDREN,adults
CHILDREN,blocks
CHILDREN,develop
CHILDREN,development
CHILDREN,grown-ups
CHILDREN,innocent
CHILDREN,kids
CHILDREN,mischief
CHILDREN,missing
CHILDREN,neighborhood
CHILDREN,noisy
CHILDREN,nursery
CHILDREN,parents
CHILDREN,play dough
CHILDREN,playground
CHILDREN,playing
CHILDREN,reproduce
CHILDREN,responsibility
CHILDREN,starving
CHILDREN,teach
CHILDREN,toys
CHILDREN,tricycle
CHILDREN,twin
CHILDREN,yo-yo
ENGLISH,adjective
ENGLISH,adverb
ENGLISH,essay
ENGLISH,french
ENGLISH,grammar
ENGLISH,language
ENGLISH,lit
ENGLISH,literature
ENGLISH,math
ENGLISH,muffin
ENGLISH,paragraph
ENGLISH,phrase
ENGLISH,poem
ENGLISH,pronoun
ENGLISH,proverb
ENGLISH,punctuation
ENGLISH,sentence
ENGLISH,sonnet
ENGLISH,spanish
ENGLISH,spell
ENGLISH,summary
ENGLISH,verb
ENGLISH,vocabulary
ENGLISH,writing
BRIGHT,bold
BRIGHT,brilliant
BRIGHT,color
BRIGHT,dim
BRIGHT,flash
BRIGHT,flashlight
BRIGHT,gifted
BRIGHT,glare
BRIGHT,glow
BRIGHT,golden
BRIGHT,highlight
BRIGHT,light
BRIGHT,lightning
BRIGHT,lit
BRIGHT,shine
BRIGHT,shiny
BRIGHT,smart
BRIGHT,star
BRIGHT,stars
BRIGHT,sun
BRIGHT,sunny
BRIGHT,sunshine
BRIGHT,vivid
BRIGHT,yellow
SMOOTH,bald
SMOOTH,bumpy
SMOOTH,crunchy
SMOOTH,felt
SMOOTH,flat
SMOOTH,flow
SMOOTH,glide
SMOOTH,graceful
SMOOTH,operator
SMOOTH,prickly
SMOOTH,rigid
SMOOTH,rough
SMOOTH,rub
SMOOTH,sandpaper
SMOOTH,satin
SMOOTH,shave
SMOOTH,silk
SMOOTH,skin
SMOOTH,slick
SMOOTH,soft
SMOOTH,spread
SMOOTH,surface
SMOOTH,vaseline
SMOOTH,velvet
CIRCLE,arctic
CIRCLE,around
CIRCLE,center
CIRCLE,curve
CIRCLE,cycle
CIRCLE,cylinder
CIRCLE,diameter
CIRCLE,dot
CIRCLE,geometry
CIRCLE,hoop
CIRCLE,line
CIRCLE,loop
CIRCLE,oval
CIRCLE,rectangle
CIRCLE,round
CIRCLE,shape
CIRCLE,sphere
CIRCLE,square
CIRCLE,tangent
CIRCLE,triangle
CIRCLE,unit
CIRCLE,wheel
CIRCLE,winner
MOTHER,advice
MOTHER,apron
MOTHER,baby
MOTHER,child
MOTHER,daughter
MOTHER,family
MOTHER,father
MOTHER,fuss
MOTHER,goose
MOTHER,guardian
MOTHER,helper
MOTHER,home
MOTHER,keeper
MOTHER,kin
MOTHER,loving
MOTHER,maiden
MOTHER,mary
MOTHER,mummy
MOTHER,nag
MOTHER,parent
MOTHER,relation
MOTHER,relative
MOTHER,wife
VACATION,away
VACATION,baggage
VACATION,cruise
VACATION,europe
VACATION,hawaii
VACATION,holiday
VACATION,honeymoon
VACATION,hotel
VACATION,luggage
VACATION,mexico
VACATION,motel
VACATION,paradise
VACATION,paris
VACATION,planning
VACATION,reservation
VACATION,resort
VACATION,suitcase
VACATION,tour
VACATION,tourist
VACATION,travel
VACATION,trip
VACATION,visit
VACATION,weekend
CHEESE,bologna
CHEESE,broccoli
CHEESE,cheddar
CHEESE,cottage
CHEESE,cracker
CHEESE,crackers
CHEESE,craft
CHEESE,cream
CHEESE,dairy
CHEESE,grate
CHEESE,ham
CHEESE,hamburger
CHEESE,macaroni
CHEESE,melt
CHEESE,mold
CHEESE,mouse
CHEESE,noodles
CHEESE,omelet
CHEESE,pizza
CHEESE,process
CHEESE,swiss
CHEESE,wine
DESTROY,annihilate
DESTROY,break
DESTROY,build
DESTROY,condemn
DESTROY,conquer
DESTROY,construct
DESTROY,create
DESTROY,crush
DESTROY,damage
DESTROY,demolish
DESTROY,destruction
DESTROY,diminish
DESTROY,disintegrate
DESTROY,erode
DESTROY,explode
DESTROY,explosion
DESTROY,kill
DESTROY,make
DESTROY,restore
DESTROY,rot
DESTROY,ruin
DESTROY,smash
FINGER,appendage
FINGER,blueprint
FINGER,digit
FINGER,extremity
FINGER,fingernail
FINGER,flick
FINGER,hand
FINGER,joint
FINGER,knuckle
FINGER,nail
FINGER,nails
FINGER,point
FINGER,ring
FINGER,splinter
FINGER,sticky
FINGER,thimble
FINGER,thumb
FINGER,toe
FINGER,toes
FINGER,touch
FINGER,trigger
FINGER,wart
UNDERSTAND,accept
UNDERSTAND,acknowledge
UNDERSTAND,believe
UNDERSTAND,clarify
UNDERSTAND,comprehend
UNDERSTAND,compute
UNDERSTAND,concept
UNDERSTAND,confuse
UNDERSTAND,confusion
UNDERSTAND,definition
UNDERSTAND,explain
UNDERSTAND,explanation
UNDERSTAND,grasp
UNDERSTAND,know
UNDERSTAND,knowledge
UNDERSTAND,learning
UNDERSTAND,meaning
UNDERSTAND,perceive
UNDERSTAND,perception
UNDERSTAND,rationalize
UNDERSTAND,realize
UNDERSTAND,sympathetic
MEDICINE,advil
MEDICINE,allergy
MEDICINE,antidote
MEDICINE,aspirin
MEDICINE,clinic
MEDICINE,cold
MEDICINE,cure
MEDICINE,doctor
MEDICINE,drug
MEDICINE,drugs
MEDICINE,excedrin
MEDICINE,medication
MEDICINE,menthol
MEDICINE,nurse
MEDICINE,ointment
MEDICINE,pill
MEDICINE,prescription
MEDICINE,remedy
MEDICINE,syringe
MEDICINE,tablet
MEDICINE,treatment
MEDICINE,tylenol
CRIMINAL,arrest
CRIMINAL,bandit
CRIMINAL,convict
CRIMINAL,crime
CRIMINAL,crook
CRIMINAL,delinquent
CRIMINAL,evict
CRIMINAL,fugitive
CRIMINAL,handcuffs
CRIMINAL,jail
CRIMINAL,law
CRIMINAL,murderer
CRIMINAL,outlaw
CRIMINAL,prison
CRIMINAL,prisoner
CRIMINAL,robber
CRIMINAL,robbery
CRIMINAL,suspect
CRIMINAL,theft
CRIMINAL,unlawful
CRIMINAL,villain
CRIMINAL,wanted
PRIEST,bishop
PRIEST,bless
PRIEST,blessing
PRIEST,cardinal
PRIEST,catholic
PRIEST,chapel
PRIEST,confess
PRIEST,confession
PRIEST,friar
PRIEST,holiness
PRIEST,holy
PRIEST,minister
PRIEST,monastery
PRIEST,monk
PRIEST,nun
PRIEST,pope
PRIEST,preacher
PRIEST,rabbi
PRIEST,religious
PRIEST,sermon
PRIEST,sin
PRESIDENT,bush
PRESIDENT,campaign
PRESIDENT,candidate
PRESIDENT,chairperson
PRESIDENT,congress
PRESIDENT,democrat
PRESIDENT,dictator
PRESIDENT,elect
PRESIDENT,election
PRESIDENT,executive
PRESIDENT,george
PRESIDENT,government
PRESIDENT,leader
PRESIDENT,leadership
PRESIDENT,official
PRESIDENT,politician
PRESIDENT,politics
PRESIDENT,senator
PRESIDENT,speech
PRESIDENT,vice
PRESIDENT,vote
LAWYER,accuse
LAWYER,attorney
LAWYER,briefcase
LAWYER,case
LAWYER,contract
LAWYER,counsel
LAWYER,court
LAWYER,defend
LAWYER,defense
LAWYER,doctor
LAWYER,firm
LAWYER,judge
LAWYER,law
LAWYER,lawful
LAWYER,laws
LAWYER,lawsuit
LAWYER,legal
LAWYER,professional
LAWYER,prosecute
LAWYER,sue
LAWYER,trial
HOSPITAL,ambulance
HOSPITAL,cancer
HOSPITAL,clinic
HOSPITAL,coma
HOSPITAL,emergency
HOSPITAL,general
HOSPITAL,heart attack
HOSPITAL,illness
HOSPITAL,medical
HOSPITAL,memorial
HOSPITAL,nurse
HOSPITAL,operation
HOSPITAL,orderly
HOSPITAL,patient
HOSPITAL,sick
HOSPITAL,sickness
HOSPITAL,surgery
HOSPITAL,syringe
HOSPITAL,trauma
HOSPITAL,visitor
HOSPITAL,volunteer
MACHINE,computer
MACHINE,copier
MACHINE,copy
MACHINE,crane
MACHINE,device
MACHINE,dishwasher
MACHINE,engine
MACHINE,factory
MACHINE,industry
MACHINE,invent
MACHINE,inventor
MACHINE,mechanical
MACHINE,message
MACHINE,operate
MACHINE,process
MACHINE,robot
MACHINE,sew
MACHINE,technician
MACHINE,technology
MACHINE,tractor
MACHINE,xerox
ACCIDENT,ambulance
ACCIDENT,automobile
ACCIDENT,bumper
ACCIDENT,crash
ACCIDENT,damage
ACCIDENT,danger
ACCIDENT,dent
ACCIDENT,emergency
ACCIDENT,fault
ACCIDENT,happen
ACCIDENT,impact
ACCIDENT,injury
ACCIDENT,mistake
ACCIDENT,reckless
ACCIDENT,scar
ACCIDENT,smash
ACCIDENT,spill
ACCIDENT,traffic
ACCIDENT,tragedy
ACCIDENT,trauma
ACCIDENT,wreck
NEEDLE,compass
NEEDLE,crochet
NEEDLE,hay
NEEDLE,haystack
NEEDLE,heroin
NEEDLE,heroine
NEEDLE,injection
NEEDLE,knit
NEEDLE,knitting
NEEDLE,pin
NEEDLE,pine
NEEDLE,porcupine
NEEDLE,sew
NEEDLE,sharp
NEEDLE,stitch
NEEDLE,syringe
NEEDLE,thimble
NEEDLE,thorn
NEEDLE,thread
NEEDLE,tread
BUTTER,almond
BUTTER,bagel
BUTTER,biscuit
BUTTER,bread
BUTTER,corn
BUTTER,fattening
BUTTER,lobster
BUTTER,margarine
BUTTER,margin
BUTTER,melt
BUTTER,muffin
BUTTER,pat
BUTTER,peanut
BUTTER,peanuts
BUTTER,popcorn
BUTTER,potato
BUTTER,promise
BUTTER,roll
BUTTER,spread
BUTTER,toast
NEWSPAPER,ad
NEWSPAPER,advertisement
NEWSPAPER,article
NEWSPAPER,column
NEWSPAPER,critic
NEWSPAPER,daily
NEWSPAPER,editor
NEWSPAPER,editorial
NEWSPAPER,gazelle
NEWSPAPER,horoscope
NEWSPAPER,issue
NEWSPAPER,journal
NEWSPAPER,magazine
NEWSPAPER,media
NEWSPAPER,newsstand
NEWSPAPER,press
NEWSPAPER,printing
NEWSPAPER,publication
NEWSPAPER,times
NEWSPAPER,weekly
CHRISTMAS,decorate
CHRISTMAS,decoration
CHRISTMAS,elf
CHRISTMAS,gift
CHRISTMAS,giving
CHRISTMAS,holiday
CHRISTMAS,joy
CHRISTMAS,joyous
CHRISTMAS,new year
CHRISTMAS,ornament
CHRISTMAS,package
CHRISTMAS,present
CHRISTMAS,reindeer
CHRISTMAS,santa
CHRISTMAS,season
CHRISTMAS,sleigh
CHRISTMAS,stocking
CHRISTMAS,tradition
CHRISTMAS,vacation
CHRISTMAS,yearly
EXERCISE,active
EXERCISE,aerobics
EXERCISE,athlete
EXERCISE,bicycle
EXERCISE,body
EXERCISE,fit
EXERCISE,fitness
EXERCISE,gym
EXERCISE,gymnastics
EXERCISE,headband
EXERCISE,jog
EXERCISE,physical
EXERCISE,running
EXERCISE,stretch
EXERCISE,sweat
EXERCISE,swim
EXERCISE,walk
EXERCISE,walker
EXERCISE,weights
EXERCISE,workout
SECRET,agent
SECRET,code
SECRET,confidence
SECRET,confident
SECRET,dairy
SECRET,deodorant
SECRET,discreet
SECRET,fbi
SECRET,formula
SECRET,hidden
SECRET,hint
SECRET,identity
SECRET,personal
SECRET,private
SECRET,rumor
SECRET,secluded
SECRET,secretive
SECRET,spy
SECRET,tell
SECRET,whisper
FEELING,affect
FEELING,attitude
FEELING,aura
FEELING,belief
FEELING,compassion
FEELING,emotion
FEELING,empathy
FEELING,esteem
FEELING,expression
FEELING,felt
FEELING,guilt
FEELING,impression
FEELING,instinct
FEELING,intuition
FEELING,mood
FEELING,notion
FEELING,opinion
FEELING,reaction
FEELING,sensitive
FEELING,sympathy
IMPORTANT,critical
IMPORTANT,document
IMPORTANT,emergency
IMPORTANT,executive
IMPORTANT,highlight
IMPORTANT,main
IMPORTANT,major
IMPORTANT,matter
IMPORTANT,meaningful
IMPORTANT,monument
IMPORTANT,must
IMPORTANT,necessary
IMPORTANT,official
IMPORTANT,precious
IMPORTANT,principal
IMPORTANT,sacred
IMPORTANT,serious
IMPORTANT,special
IMPORTANT,urgent
IMPORTANT,valuable
MARRIAGE,affair
MARRIAGE,announce
MARRIAGE,ceremony
MARRIAGE,commitment
MARRIAGE,couple
MARRIAGE,divorce
MARRIAGE,engagement
MARRIAGE,faithful
MARRIAGE,honeymoon
MARRIAGE,obey
MARRIAGE,proposal
MARRIAGE,relationship
MARRIAGE,ring
MARRIAGE,spouse
MARRIAGE,status
MARRIAGE,threshold
MARRIAGE,vow
MARRIAGE,wed
MARRIAGE,wedding
FINISH,accomplish
FINISH,adjourn
FINISH,compete
FINISH,complete
FINISH,conclude
FINISH,diminish
FINISH,done
FINISH,end
FINISH,ending
FINISH,enough
FINISH,final
FINISH,graduate
FINISH,last
FINISH,outcome
FINISH,product
FINISH,quit
FINISH,ready
FINISH,result
FINISH,start
DISEASE,aids
DISEASE,bacteria
DISEASE,cancer
DISEASE,contract
DISEASE,cure
DISEASE,disorder
DISEASE,flu
DISEASE,fungus
DISEASE,germ
DISEASE,infection
DISEASE,legion
DISEASE,malaria
DISEASE,plaque
DISEASE,rash
DISEASE,sickness
DISEASE,skin
DISEASE,symptom
DISEASE,treatment
DISEASE,virus
DIAMOND,coal
DIAMOND,crystal
DIAMOND,earring
DIAMOND,emerald
DIAMOND,expensive
DIAMOND,gem
DIAMOND,genuine
DIAMOND,gold
DIAMOND,jewel
DIAMOND,jewelry
DIAMOND,luxury
DIAMOND,necklace
DIAMOND,pearl
DIAMOND,precious
DIAMOND,priceless
DIAMOND,ring
DIAMOND,ruby
DIAMOND,sapphire
DIAMOND,valuable
COFFEE,blend
COFFEE,cafe
COFFEE,caffeine
COFFEE,cream
COFFEE,cup
COFFEE,cups
COFFEE,doughnut
COFFEE,drip
COFFEE,grind
COFFEE,grounds
COFFEE,instant
COFFEE,morning
COFFEE,mug
COFFEE,sip
COFFEE,stir
COFFEE,sugar
COFFEE,tea
COFFEE,teapot
COFFEE,toast
STRING,bead
STRING,bean
STRING,guitar
STRING,harp
STRING,kite
STRING,knot
STRING,loop
STRING,ribbon
STRING,rope
STRING,shoe
STRING,shoelace
STRING,spool
STRING,strand
STRING,thread
STRING,twine
STRING,violin
STRING,woodwind
STRING,yarn
STRING,yo-yo
TROUBLE,arrest
TROUBLE,bother
TROUBLE,burden
TROUBLE,conflict
TROUBLE,consequence
TROUBLE,crisis
TROUBLE,danger
TROUBLE,delinquent
TROUBLE,difficulty
TROUBLE,dilemma
TROUBLE,double
TROUBLE,fbi
TROUBLE,help
TROUBLE,jeopardy
TROUBLE,mischief
TROUBLE,problem
TROUBLE,restriction
TROUBLE,teenager
TROUBLE,toil
COOKIE,bake
COOKIE,baked
COOKIE,biscuit
COOKIE,chip
COOKIE,cracker
COOKIE,crumb
COOKIE,dough
COOKIE,fig
COOKIE,flour
COOKIE,fortune
COOKIE,jar
COOKIE,milk
COOKIE,molasses
COOKIE,newton
COOKIE,oatmeal
COOKIE,recipe
COOKIE,scout
COOKIE,snack
COOKIE,spatula
CIGARETTE,ash
CIGARETTE,ashes
CIGARETTE,ashtray
CIGARETTE,camel
CIGARETTE,carton
CIGARETTE,cigar
CIGARETTE,clove
CIGARETTE,lighter
CIGARETTE,lit
CIGARETTE,match
CIGARETTE,menthol
CIGARETTE,merit
CIGARETTE,nicotine
CIGARETTE,puff
CIGARETTE,smoke
CIGARETTE,smoking
CIGARETTE,smoky
CIGARETTE,tobacco
VEGETABLES,agriculture
VEGETABLES,bean
VEGETABLES,beans
VEGETABLES,beet
VEGETABLES,carrot
VEGETABLES,celery
VEGETABLES,cucumber
VEGETABLES,farmer
VEGETABLES,fruit
VEGETABLES,garden
VEGETABLES,lettuce
VEGETABLES,meat
VEGETABLES,potato
VEGETABLES,potatoes
VEGETABLES,salad
VEGETABLES,soup
VEGETABLES,stew
VEGETABLES,tomato
MUSCLE,abdomen
MUSCLE,athletic
MUSCLE,body
MUSCLE,chest
MUSCLE,firm
MUSCLE,fitness
MUSCLE,flex
MUSCLE,gym
MUSCLE,protein
MUSCLE,sore
MUSCLE,sprain
MUSCLE,strength
MUSCLE,stretch
MUSCLE,strong
MUSCLE,thigh
MUSCLE,tone
MUSCLE,weights
MUSCLE,workout
TRAVEL,agency
TRAVEL,agent
TRAVEL,baggage
TRAVEL,car
TRAVEL,caravan
TRAVEL,europe
TRAVEL,hitchhike
TRAVEL,interstate
TRAVEL,journey
TRAVEL,luggage
TRAVEL,map
TRAVEL,move
TRAVEL,road
TRAVEL,suitcase
TRAVEL,tour
TRAVEL,transportation
TRAVEL,trip
TRAVEL,voyage
GROUND,asphalt
GROUND,bury
GROUND,camp
GROUND,camping
GROUND,dirt
GROUND,earth
GROUND,floor
GROUND,foundation
GROUND,gravel
GROUND,hole
GROUND,land
GROUND,mole
GROUND,pavement
GROUND,play
GROUND,soil
GROUND,stake
GROUND,till
GROUND,worm
INDIAN,american
INDIAN,arrow
INDIAN,brave
INDIAN,bravery
INDIAN,buffalo
INDIAN,canoe
INDIAN,chief
INDIAN,cowboy
INDIAN,fort
INDIAN,native
INDIAN,nomad
INDIAN,reservation
INDIAN,scalp
INDIAN,tepee
INDIAN,tribe
INDIAN,warrior
INDIAN,wigwam
WINDOW,bedroom
WINDOW,blinds
WINDOW,cleaner
WINDOW,clear
WINDOW,curtain
WINDOW,curtains
WINDOW,door
WINDOW,drapes
WINDOW,glass
WINDOW,ledge
WINDOW,pane
WINDOW,screen
WINDOW,shatter
WINDOW,shield
WINDOW,shutter
WINDOW,sill
WINDOW,view
SQUARE,angle
SQUARE,area
SQUARE,block
SQUARE,blocks
SQUARE,box
SQUARE,builder
SQUARE,circle
SQUARE,cube
SQUARE,plaza
SQUARE,pyramid
SQUARE,rectangle
SQUARE,room
SQUARE,round
SQUARE,shape
SQUARE,times
SQUARE,triangle
SQUARE,village
HAMMER,ax
HAMMER,carpenter
HAMMER,chisel
HAMMER,gavel
HAMMER,hatchet
HAMMER,jack
HAMMER,nail
HAMMER,nails
HAMMER,pliers
HAMMER,saw
HAMMER,screw
HAMMER,screwdriver
HAMMER,sickle
HAMMER,tack
HAMMER,tool
HAMMER,tools
HAMMER,wrench
PENCIL,crayon
PENCIL,draw
PENCIL,drawing
PENCIL,eraser
PENCIL,holder
PENCIL,lead
PENCIL,mark
PENCIL,marker
PENCIL,notebook
PENCIL,pad
PENCIL,paper
PENCIL,paperclip
PENCIL,pen
PENCIL,point
PENCIL,ruler
PENCIL,scribble
PENCIL,stub
PRESENT,absence
PRESENT,absent
PRESENT,attend
PRESENT,attendance
PRESENT,box
PRESENT,christmas
PRESENT,future
PRESENT,gift
PRESENT,introduce
PRESENT,package
PRESENT,past
PRESENT,presentation
PRESENT,receive
PRESENT,ribbon
PRESENT,show
PRESENT,surprise
PRESENT,wrap
LEADER,captain
LEADER,chairperson
LEADER,chief
LEADER,commander
LEADER,dictator
LEADER,director
LEADER,follow
LEADER,follower
LEADER,governor
LEADER,guide
LEADER,manager
LEADER,master
LEADER,mayor
LEADER,monarch
LEADER,president
LEADER,principal
LEADER,principle
SANDWICH,bologna
SANDWICH,bread
SANDWICH,cornbeef
SANDWICH,ham
SANDWICH,hero
SANDWICH,ice cream
SANDWICH,knuckle
SANDWICH,lunch
SANDWICH,mayonnaise
SANDWICH,peanut butter
SANDWICH,pickle
SANDWICH,soup
SANDWICH,sub
SANDWICH,submarine
SANDWICH,subway
SANDWICH,tuna
SANDWICH,turkey
NERVOUS,anxiety
NERVOUS,anxious
NERVOUS,calm
NERVOUS,flutter
NERVOUS,frantic
NERVOUS,hectic
NERVOUS,impatience
NERVOUS,interview
NERVOUS,jumpy
NERVOUS,nerves
NERVOUS,panic
NERVOUS,tense
NERVOUS,touchy
NERVOUS,uncomfortable
NERVOUS,uneasy
NERVOUS,unsure
NERVOUS,uptight
INSECT,ant
INSECT,bee
INSECT,beetle
INSECT,bug
INSECT,butterfly
INSECT,caterpillar
INSECT,cricket
INSECT,flea
INSECT,fly
INSECT,grasshopper
INSECT,maggot
INSECT,mosquito
INSECT,moth
INSECT,pest
INSECT,roach
INSECT,spider
INSECT,termite
BUSINESS,agency
BUSINESS,associate
BUSINESS,briefcase
BUSINESS,commercial
BUSINESS,company
BUSINESS,corporal
BUSINESS,corporation
BUSINESS,economic
BUSINESS,executive
BUSINESS,firm
BUSINESS,industry
BUSINESS,management
BUSINESS,negotiation
BUSINESS,office
BUSINESS,proprietor
BUSINESS,sales
BUSINESS,suit
WEDDING,announce
WEDDING,bride
WEDDING,ceremony
WEDDING,chapel
WEDDING,engagement
WEDDING,formal
WEDDING,gown
WEDDING,honeymoon
WEDDING,marriage
WEDDING,planning
WEDDING,proposal
WEDDING,rice
WEDDING,ring
WEDDING,threshold
WEDDING,tuxedo
WEDDING,vow
WEDDING,wed
BROKEN,bent
BROKEN,breakable
BROKEN,cast
BROKEN,crutch
BROKEN,damage
BROKEN,fix
BROKEN,jaw
BROKEN,leak
BROKEN,limp
BROKEN,pieces
BROKEN,promise
BROKEN,repair
BROKEN,replace
BROKEN,ribs
BROKEN,rule
BROKEN,sling
BROKEN,torn