DINNER,supper
DINNER,lunch
DINNER,banquet
DINNER,meal
DINNER,breakfast
DINNER,reservation
DINNER,thanksgiving
DINNER,dessert
DINNER,napkin
DINNER,gourmet
DINNER,feast
DINNER,wine
DINNER,dine
DINNER,silverware
DINNER,restaurant
DINNER,plates
DINNER,diner
DINNER,prepare
DINNER,dishes
DINNER,steak
DINNER,stew
DINNER,plate
DINNER,elegant
DINNER,cookbook
DINNER,frozen
CHEMISTRY,elements
CHEMISTRY,beaker
CHEMISTRY,element
CHEMISTRY,lab
CHEMISTRY,physics
CHEMISTRY,formula
CHEMISTRY,molecule
CHEMISTRY,flask
CHEMISTRY,test tube
CHEMISTRY,scientist
CHEMISTRY,chemical
CHEMISTRY,electron
CHEMISTRY,nitrogen
CHEMISTRY,biology
CHEMISTRY,experiment
CHEMISTRY,science
CHEMISTRY,compound
CHEMISTRY,mixture
CHEMISTRY,scientific
CHEMISTRY,substance
CHEMISTRY,neutron
CHEMISTRY,proton
CHEMISTRY,components
CHEMISTRY,peroxide
CHEMISTRY,solution
DANGER,hazard
DANGER,risk
DANGER,beware
DANGER,warn
DANGER,caution
DANGER,warning
DANGER,safe
DANGER,safety
DANGER,jeopardy
DANGER,daring
DANGER,cautious
DANGER,poison
DANGER,motorcycle
DANGER,harm
DANGER,hitchhike
DANGER,stranger
DANGER,crisis
DANGER,dynamite
DANGER,help
DANGER,barracuda
DANGER,extreme
DANGER,threat
DANGER,zone
DANGER,shark
DANGER,trouble
BEAUTIFUL,gorgeous
BEAUTIFUL,bold
BEAUTIFUL,attractive
BEAUTIFUL,model
BEAUTIFUL,elegant
BEAUTIFUL,goddess
BEAUTIFUL,waterfall
BEAUTIFUL,swan
BEAUTIFUL,sunrise
BEAUTIFUL,america
BEAUTIFUL,pretty
BEAUTIFUL,scenery
BEAUTIFUL,poetry
BEAUTIFUL,sunset
BEAUTIFUL,wonderful
BEAUTIFUL,extravagant
BEAUTIFUL,flowers
BEAUTIFUL,rainbow
BEAUTIFUL,graceful
BEAUTIFUL,landscape
BEAUTIFUL,butterfly
BEAUTIFUL,girls
BEAUTIFUL,hawaii
BEAUTIFUL,poem
BEAUTIFUL,princess
FAMILY,kin
FAMILY,friends
FAMILY,heritage
FAMILY,cousin
FAMILY,relation
FAMILY,tradition
FAMILY,feud
FAMILY,relative
FAMILY,parents
FAMILY,home
FAMILY,living room
FAMILY,support
FAMILY,caravan
FAMILY,visit
FAMILY,ancestor
FAMILY,gathering
FAMILY,grandparents
FAMILY,royal
FAMILY,vacation
FAMILY,background
FAMILY,holiday
FAMILY,nephew
FAMILY,disown
FAMILY,grandpa
FAMILY,house
FLOWER,tulip
FLOWER,petals
FLOWER,orchid
FLOWER,daisy
FLOWER,dandelion
FLOWER,vase
FLOWER,lily
FLOWER,bloom
FLOWER,blossom
FLOWER,stem
FLOWER,garden
FLOWER,rose
FLOWER,violet
FLOWER,orchard
FLOWER,bud
FLOWER,turnip
FLOWER,plant
FLOWER,seed
FLOWER,meadow
FLOWER,bunch
FLOWER,weed
FLOWER,piston
FLOWER,pedal
FLOWER,viola
FLOWER,spring
CLOTHES,wardrobe
CLOTHES,attire
CLOTHES,outfit
CLOTHES,hanger
CLOTHES,wear
CLOTHES,hamper
CLOTHES,closet
CLOTHES,designer
CLOTHES,fashion
CLOTHES,laundry
CLOTHES,cloth
CLOTHES,dryer
CLOTHES,detergent
CLOTHES,suitcase
CLOTHES,article
CLOTHES,dresser
CLOTHES,iron
CLOTHES,fad
CLOTHES,drawer
CLOTHES,polyester
CLOTHES,wash
CLOTHES,sale
CLOTHES,sew
CLOTHES,line
CLOTHES,costume
FRIEND,pal
FRIEND,buddy
FRIEND,companion
FRIEND,neighbor
FRIEND,roommate
FRIEND,partner
FRIEND,foe
FRIEND,peer
FRIEND,enemy
FRIEND,fellow
FRIEND,loyalty
FRIEND,trustworthy
FRIEND,trust
FRIEND,guest
FRIEND,stranger
FRIEND,lover
FRIEND,visitor
FRIEND,mate
FRIEND,loyal
FRIEND,visit
FRIEND,family
FRIEND,associate
FRIEND,relation
FRIEND,people
FRIEND,company
ANIMAL,zoo
ANIMAL,beast
ANIMAL,farm
ANIMAL,aardvark
ANIMAL,cage
ANIMAL,vet
ANIMAL,raccoon
ANIMAL,creature
ANIMAL,mongoose
ANIMAL,antelope
ANIMAL,beaver
ANIMAL,gazelle
ANIMAL,possum
ANIMAL,otter
ANIMAL,mammal
ANIMAL,moose
ANIMAL,anteater
ANIMAL,walrus
ANIMAL,party
ANIMAL,buffalo
ANIMAL,ox
ANIMAL,wolf
ANIMAL,fur
ANIMAL,bear
ANIMAL,seal
DOCTOR,physician
DOCTOR,nurse
DOCTOR,stethoscope
DOCTOR,medical
DOCTOR,surgeon
DOCTOR,patient
DOCTOR,clinic
DOCTOR,appointment
DOCTOR,scalpel
DOCTOR,dentist
DOCTOR,scientist
DOCTOR,medicine
DOCTOR,lawyer
DOCTOR,examine
DOCTOR,professional
DOCTOR,vet
DOCTOR,surgery
DOCTOR,operation
DOCTOR,medication
DOCTOR,profession
DOCTOR,physical
DOCTOR,operate
DOCTOR,heal
DOCTOR,syringe
DOCTOR,health
TELEVISION,zenith
TELEVISION,cable
TELEVISION,network
TELEVISION,commercial
TELEVISION,antenna
TELEVISION,channel
TELEVISION,media
TELEVISION,program
TELEVISION,entertainment
TELEVISION,dynasty
TELEVISION,screen
TELEVISION,advertisement
TELEVISION,living room
TELEVISION,news
TELEVISION,console
TELEVISION,set
TELEVISION,series
TELEVISION,video
TELEVISION,mash
TELEVISION,radio
TELEVISION,jeopardy
TELEVISION,tube
TELEVISION,cartoon
TELEVISION,producer
TELEVISION,caption
SCHOOL,campus
SCHOOL,university
SCHOOL,semester
SCHOOL,education
SCHOOL,principal
SCHOOL,educate
SCHOOL,backpack
SCHOOL,bookbag
SCHOOL,college
SCHOOL,learning
SCHOOL,class
SCHOOL,principle
SCHOOL,learn
SCHOOL,notebook
SCHOOL,attendance
SCHOOL,teacher
SCHOOL,subject
SCHOOL,student
SCHOOL,scholarship
SCHOOL,grade
SCHOOL,graduate
SCHOOL,spirit
SCHOOL,schedule
SCHOOL,study
SCHOOL,homework
PICTURE,frame
PICTURE,portrait
PICTURE,photo
PICTURE,camera
PICTURE,diagram
PICTURE,draw
PICTURE,album
PICTURE,drawing
PICTURE,image
PICTURE,portray
PICTURE,art
PICTURE,painting
PICTURE,hang
PICTURE,scene
PICTURE,motion
PICTURE,arts
PICTURE,identification
PICTURE,scenery
PICTURE,film
PICTURE,caption
PICTURE,wall
PICTURE,movie
PICTURE,display
PICTURE,hung
PICTURE,paint
NUMBER,digit
NUMBER,serial
NUMBER,count
NUMBER,seven
NUMBER,six
NUMBER,math
NUMBER,telephone
NUMBER,nine
NUMBER,percentage
NUMBER,quantity
NUMBER,twelve
NUMBER,four
NUMBER,ten
NUMBER,three
NUMBER,identification
NUMBER,account
NUMBER,name
NUMBER,hundred
NUMBER,quotient
NUMBER,percent
NUMBER,factor
NUMBER,two
NUMBER,zero
NUMBER,page
NUMBER,zodiac
ANSWER,question
ANSWER,reply
ANSWER,response
ANSWER,respond
ANSWER,solution
ANSWER,problem
ANSWER,explanation
ANSWER,remark
ANSWER,conclusion
ANSWER,result
ANSWER,guess
ANSWER,solve
ANSWER,ask
ANSWER,call
ANSWER,explain
ANSWER,meaning
ANSWER,suggestion
ANSWER,hint
ANSWER,statement
ANSWER,correct
ANSWER,verdict
ANSWER,specific
ANSWER,determine
ANSWER,knock
ANSWER,quotient
FOOTBALL,touchdown
FOOTBALL,stadium
FOOTBALL,tackle
FOOTBALL,sport
FOOTBALL,sports
FOOTBALL,arena
FOOTBALL,team
FOOTBALL,referee
FOOTBALL,offense
FOOTBALL,soccer
FOOTBALL,helmet
FOOTBALL,field
FOOTBALL,jock
FOOTBALL,pro
FOOTBALL,cheerleader
FOOTBALL,coach
FOOTBALL,baseball
FOOTBALL,patriot
FOOTBALL,athlete
FOOTBALL,defense
FOOTBALL,player
FOOTBALL,athletic
FOOTBALL,game
FOOTBALL,kick
FOOTBALL,cheer
BASEBALL,league
BASEBALL,umpire
BASEBALL,pitch
BASEBALL,catcher
BASEBALL,softball
BASEBALL,base
BASEBALL,pitcher
BASEBALL,series
BASEBALL,player
BASEBALL,strike
BASEBALL,basketball
BASEBALL,team
BASEBALL,ball
BASEBALL,bat
BASEBALL,glove
BASEBALL,sports
BASEBALL,field
BASEBALL,cardinal
BASEBALL,football
BASEBALL,hot dogs
BASEBALL,peanuts
BASEBALL,referee
BASEBALL,hat
BASEBALL,stadium
BASEBALL,era
TOGETHER,unite
TOGETHER,apart
TOGETHER,with
TOGETHER,combine
TOGETHER,gathering
TOGETHER,joint
TOGETHER,gather
TOGETHER,integrate
TOGETHER,alone
TOGETHER,join
TOGETHER,union
TOGETHER,connect
TOGETHER,united
TOGETHER,bond
TOGETHER,team
TOGETHER,separate
TOGETHER,combination
TOGETHER,attach
TOGETHER,bound
TOGETHER,belong
TOGETHER,harmony
TOGETHER,couple
TOGETHER,mixed
TOGETHER,link
TOGETHER,twine
STRONG,powerful
STRONG,weak
STRONG,strength
STRONG,backbone
STRONG,overpower
STRONG,brave
STRONG,might
STRONG,hardy
STRONG,forceful
STRONG,bold
STRONG,weakness
STRONG,fierce
STRONG,power
STRONG,firm
STRONG,confident
STRONG,bravery
STRONG,superman
STRONG,courageous
STRONG,courage
STRONG,aggressive
STRONG,tough
STRONG,athlete
STRONG,wimp
STRONG,muscle
STRONG,almighty
CHICKEN,hen
CHICKEN,fried
CHICKEN,rooster
CHICKEN,egg
CHICKEN,barbecue
CHICKEN,breast
CHICKEN,chick
CHICKEN,eggs
CHICKEN,roost
CHICKEN,coleslaw
CHICKEN,soup
CHICKEN,pluck
CHICKEN,wings
CHICKEN,broth
CHICKEN,turkey
CHICKEN,coward
CHICKEN,meat
CHICKEN,grill
CHICKEN,feathers
CHICKEN,feed
CHICKEN,noodles
CHICKEN,popeye
CHICKEN,colonel
CHICKEN,fry
CHICKEN,bouillon
MOUNTAIN,climber
MOUNTAIN,hill
MOUNTAIN,climb
MOUNTAIN,peak
MOUNTAIN,hike
MOUNTAIN,hiking
MOUNTAIN,valley
MOUNTAIN,cliff
MOUNTAIN,hiker
MOUNTAIN,summit
MOUNTAIN,slope
MOUNTAIN,rocks
MOUNTAIN,smoky
MOUNTAIN,steep
MOUNTAIN,canyon
MOUNTAIN,dew
MOUNTAIN,waterfall
MOUNTAIN,cave
MOUNTAIN,scenery
MOUNTAIN,cabin
MOUNTAIN,high
MOUNTAIN,ski
MOUNTAIN,bike
MOUNTAIN,goat
MOUNTAIN,lodge
BUILDING,architecture
BUILDING,skyscraper
BUILDING,structure
BUILDING,architect
BUILDING,blocks
BUILDING,construction
BUILDING,contractor
BUILDING,heights
BUILDING,apartment
BUILDING,office
BUILDING,blueprint
BUILDING,construct
BUILDING,block
BUILDING,builder
BUILDING,warehouse
BUILDING,elevator
BUILDING,empire
BUILDING,corporation
BUILDING,development
BUILDING,ledge
BUILDING,tower
BUILDING,build
BUILDING,monument
BUILDING,erect
BUILDING,foundation
LETTER,envelope
LETTER,stamp
LETTER,note
LETTER,mailbox
LETTER,mail
LETTER,number
LETTER,mailman
LETTER,send
LETTER,initial
LETTER,recommendation
LETTER,write
LETTER,word
LETTER,typewriter
LETTER,message
LETTER,type
LETTER,greek
LETTER,a
LETTER,grade
LETTER,news
LETTER,notice
LETTER,card
LETTER,form
LETTER,receive
LETTER,block
LETTER,spell
TEACHER,instructor
TEACHER,professor
TEACHER,faculty
TEACHER,learner
TEACHER,student
TEACHER,chalkboard
TEACHER,instruction
TEACHER,authority
TEACHER,instruct
TEACHER,pupil
TEACHER,blackboard
TEACHER,education
TEACHER,principal
TEACHER,class
TEACHER,conductor
TEACHER,assistant
TEACHER,lesson
TEACHER,dictator
TEACHER,director
TEACHER,expert
TEACHER,teach
TEACHER,preacher
TEACHER,recommendation
TEACHER,philosopher
TEACHER,master
CHOCOLATE,fudge
CHOCOLATE,vanilla
CHOCOLATE,pudding
CHOCOLATE,cookie
CHOCOLATE,mousse
CHOCOLATE,chip
CHOCOLATE,chunk
CHOCOLATE,malt
CHOCOLATE,ice cream
CHOCOLATE,topping
CHOCOLATE,cake
CHOCOLATE,almond
CHOCOLATE,fattening
CHOCOLATE,shake
CHOCOLATE,mints
CHOCOLATE,flavor
CHOCOLATE,candy
CHOCOLATE,frosting
CHOCOLATE,dessert
CHOCOLATE,mint
CHOCOLATE,crave
CHOCOLATE,sweet
CHOCOLATE,pie
CHOCOLATE,milk
CHOCOLATE,crunchy
DIFFERENT,same
DIFFERENT,alike
DIFFERENT,similar
DIFFERENT,vary
DIFFERENT,dissimilar
DIFFERENT,unique
DIFFERENT,change
DIFFERENT,other
DIFFERENT,opposite
DIFFERENT,unusual
DIFFERENT,variety
DIFFERENT,unequal
DIFFERENT,alternative
DIFFERENT,distinct
DIFFERENT,foreign
DIFFERENT,odd
DIFFERENT,strange
DIFFERENT,special
DIFFERENT,abnormal
DIFFERENT,uncommon
DIFFERENT,differ
DIFFERENT,abstract
DIFFERENT,another
DIFFERENT,people
DIFFERENT,awkward
COMPUTER,printer
COMPUTER,data
COMPUTER,program
COMPUTER,technology
COMPUTER,keyboard
COMPUTER,system
COMPUTER,typewriter
COMPUTER,robot
COMPUTER,compute
COMPUTER,disc
COMPUTER,network
COMPUTER,machine
COMPUTER,bit
COMPUTER,terminal
COMPUTER,printing
COMPUTER,excel
COMPUTER,process
COMPUTER,code
COMPUTER,basic
COMPUTER,display
COMPUTER,logic
COMPUTER,print
COMPUTER,technician
COMPUTER,calculate
COMPUTER,console
COUNTRY,nation
COUNTRY,rural
COUNTRY,usa
COUNTRY,state
COUNTRY,republic
COUNTRY,england
COUNTRY,continent
COUNTRY,japan
COUNTRY,america
COUNTRY,national
COUNTRY,town
COUNTRY,europe
COUNTRY,foreign
COUNTRY,asia
COUNTRY,africa
COUNTRY,egypt
COUNTRY,china
COUNTRY,cross
COUNTRY,russia
COUNTRY,flag
COUNTRY,france
COUNTRY,border
COUNTRY,citizen
COUNTRY,farm
COUNTRY,land
PRETTY,beautiful
PRETTY,attractive
PRETTY,ugly
PRETTY,cute
PRETTY,looks
PRETTY,butterfly
PRETTY,model
PRETTY,decoration
PRETTY,flowers
PRETTY,attract
PRETTY,pink
PRETTY,handsome
PRETTY,decorate
PRETTY,flower
PRETTY,gorgeous
PRETTY,lace
PRETTY,dress
PRETTY,face
PRETTY,sunset
PRETTY,scenery
PRETTY,beauty
PRETTY,appearance
PRETTY,cosmetics
PRETTY,elegant
PRETTY,adorable
CHANGE,alter
CHANGE,possibility
CHANGE,switch
CHANGE,vary
CHANGE,adjustment
CHANGE,rearrange
CHANGE,shift
CHANGE,pocket
CHANGE,affect
CHANGE,cents
CHANGE,differ
CHANGE,revolution
CHANGE,season
CHANGE,swap
CHANGE,receipt
CHANGE,replace
CHANGE,cent
CHANGE,oil
CHANGE,effect
CHANGE,coin
CHANGE,difference
CHANGE,exact
CHANGE,persuade
CHANGE,quarter
CHANGE,spare
SCIENCE,chemistry
SCIENCE,physics
SCIENCE,biologist
SCIENCE,biology
SCIENCE,project
SCIENCE,chemist
SCIENCE,microscope
SCIENCE,beaker
SCIENCE,technology
SCIENCE,elements
SCIENCE,molecule
SCIENCE,theory
SCIENCE,relativity
SCIENCE,chemical
SCIENCE,weird
SCIENCE,neutron
SCIENCE,electron
SCIENCE,element
SCIENCE,test tube
SCIENCE,fiction
SCIENCE,social
SCIENCE,theorem
SCIENCE,newton
SCIENCE,nucleus
SCIENCE,neuron
PERSON,individual
PERSON,human
PERSON,citizen
PERSON,pedestrian
PERSON,identity
PERSON,famous
PERSON,name
PERSON,another
PERSON,character
PERSON,people
PERSON,personality
PERSON,special
PERSON,being
PERSON,whom
PERSON,face
PERSON,responsible
PERSON,missing
PERSON,other
PERSON,self
PERSON,stranger
PERSON,customer
PERSON,body
PERSON,independent
PERSON,annoying
PERSON,handicap
QUESTION,answer
QUESTION,ask
QUESTION,what
QUESTION,guess
QUESTION,interview
QUESTION,inquire
QUESTION,statement
QUESTION,why
QUESTION,suggestion
QUESTION,unknown
QUESTION,how
QUESTION,response
QUESTION,curious
QUESTION,mystery
QUESTION,who
QUESTION,doubt
QUESTION,essay
QUESTION,hypothesis
QUESTION,request
QUESTION,explanation
QUESTION,inform
QUESTION,explain
QUESTION,example
QUESTION,respond
QUESTION,test
SCARED,frightened
SCARED,fear
SCARED,nervous
SCARED,panic
SCARED,coward
SCARED,frantic
SCARED,insecure
SCARED,timid
SCARED,superstition
SCARED,vulnerable
SCARED,brave
SCARED,hostage
SCARED,running
SCARED,nerves
SCARED,shy
SCARED,worry
SCARED,suspense
SCARED,uneasy
SCARED,jumpy
SCARED,wary
SCARED,heights
SCARED,beware
SCARED,shock
SCARED,shutter
SCARED,tense
PROBLEM,dilemma
PROBLEM,solution
PROBLEM,solve
PROBLEM,conflict
PROBLEM,crisis
PROBLEM,situation
PROBLEM,trouble
PROBLEM,attitude
PROBLEM,math
PROBLEM,unsolved
PROBLEM,issue
PROBLEM,sinus
PROBLEM,disorder
PROBLEM,complex
PROBLEM,addiction
PROBLEM,burden
PROBLEM,impediment
PROBLEM,circumstance
PROBLEM,fault
PROBLEM,equation
PROBLEM,symptom
PROBLEM,mistake
PROBLEM,stress
PROBLEM,behavior
PROBLEM,catastrophe
BORING,monotonous
BORING,dull
BORING,interesting
BORING,lecture
BORING,golf
BORING,routine
BORING,exciting
BORING,opera
BORING,museum
BORING,homework
BORING,plain
BORING,adventurous
BORING,drag
BORING,ordinary
BORING,interest
BORING,politics
BORING,poetry
BORING,reading
BORING,conference
BORING,essay
BORING,wait
BORING,work
BORING,statistics
BORING,english
BORING,everyday
STREET,avenue
STREET,boulevard
STREET,road
STREET,main
STREET,sidewalk
STREET,elm
STREET,alley
STREET,curb
STREET,lane
STREET,crossing
STREET,corner
STREET,pavement
STREET,parkway
STREET,address
STREET,wall
STREET,homeless
STREET,city
STREET,cross
STREET,highway
STREET,tar
STREET,block
STREET,bourbon
STREET,neighborhood
STREET,pedestrian
STREET,way
INSTRUMENT,woodwind
INSTRUMENT,tuba
INSTRUMENT,saxophone
INSTRUMENT,oboe
INSTRUMENT,flute
INSTRUMENT,trumpet
INSTRUMENT,trombone
INSTRUMENT,cello
INSTRUMENT,viola
INSTRUMENT,clarinet
INSTRUMENT,banjo
INSTRUMENT,harp
INSTRUMENT,violin
INSTRUMENT,brass
INSTRUMENT,fiddle
INSTRUMENT,guitar
INSTRUMENT,band
INSTRUMENT,piano
INSTRUMENT,bass
INSTRUMENT,blunt
INSTRUMENT,device
INSTRUMENT,horn
INSTRUMENT,scalpel
INSTRUMENT,stethoscope
INSTRUMENT,tune
YELLOW,mellow
YELLOW,banana
YELLOW,cab
YELLOW,green
YELLOW,squash
YELLOW,golden
YELLOW,canary
YELLOW,taxi
YELLOW,mustard
YELLOW,caution
YELLOW,coward
YELLOW,highlight
YELLOW,submarine
YELLOW,corn
YELLOW,dandelion
YELLOW,lemon
YELLOW,chick
YELLOW,daisy
YELLOW,blonde
YELLOW,yield
YELLOW,lemonade
YELLOW,ribbon
YELLOW,bright
YELLOW,cautious
YELLOW,custard
KNOWLEDGE,insight
KNOWLEDGE,information
KNOWLEDGE,wisdom
KNOWLEDGE,know
KNOWLEDGE,learn
KNOWLEDGE,experience
KNOWLEDGE,understanding
KNOWLEDGE,learning
KNOWLEDGE,encyclopedia
KNOWLEDGE,aware
KNOWLEDGE,understand
KNOWLEDGE,acquire
KNOWLEDGE,facts
KNOWLEDGE,expert
KNOWLEDGE,foresight
KNOWLEDGE,known
KNOWLEDGE,science
KNOWLEDGE,fact
KNOWLEDGE,wise
KNOWLEDGE,competence
KNOWLEDGE,education
KNOWLEDGE,skill
KNOWLEDGE,hindsight
KNOWLEDGE,idea
KNOWLEDGE,instinct
ORANGE,tangerine
ORANGE,juice
ORANGE,peel
ORANGE,grove
ORANGE,citrus
ORANGE,carrot
ORANGE,apple
ORANGE,fruit
ORANGE,pumpkin
ORANGE,tangy
ORANGE,orchard
ORANGE,carrots
ORANGE,crush
ORANGE,lemon
ORANGE,orange juice
ORANGE,sunset
ORANGE,rust
ORANGE,banana
ORANGE,purple
ORANGE,squeeze
ORANGE,blossom
ORANGE,produce
ORANGE,grape
ORANGE,slice
WEIGHT,scale
WEIGHT,scales
WEIGHT,height
WEIGHT,gain
WEIGHT,ton
WEIGHT,pound
WEIGHT,diet
WEIGHT,heavy
WEIGHT,lose
WEIGHT,calories
WEIGHT,gravity
WEIGHT,mass
WEIGHT,calorie
WEIGHT,balance
WEIGHT,weigh
WEIGHT,ounce
WEIGHT,anchor
WEIGHT,size
WEIGHT,net
WEIGHT,waist
WEIGHT,capacity
WEIGHT,lift
WEIGHT,exercise
WEIGHT,feather
CHILDREN,adults
CHILDREN,kids
CHILDREN,toys
CHILDREN,play dough
CHILDREN,playground
CHILDREN,tricycle
CHILDREN,nursery
CHILDREN,parents
CHILDREN,grown-ups
CHILDREN,missing
CHILDREN,innocent
CHILDREN,responsibility
CHILDREN,playing
CHILDREN,blocks
CHILDREN,development
CHILDREN,mischief
CHILDREN,reproduce
CHILDREN,neighborhood
CHILDREN,develop
CHILDREN,noisy
CHILDREN,yo-yo
CHILDREN,twin
CHILDREN,teach
CHILDREN,starving
ENGLISH,grammar
ENGLISH,language
ENGLISH,literature
ENGLISH,spanish
ENGLISH,muffin
ENGLISH,punctuation
ENGLISH,vocabulary
ENGLISH,adverb
ENGLISH,summary
ENGLISH,paragraph
ENGLISH,pronoun
ENGLISH,proverb
ENGLISH,verb
ENGLISH,adjective
ENGLISH,poem
ENGLISH,writing
ENGLISH,math
ENGLISH,sentence
ENGLISH,essay
ENGLISH,spell
ENGLISH,sonnet
ENGLISH,lit
ENGLISH,phrase
ENGLISH,french
BRIGHT,dim
BRIGHT,lit
BRIGHT,sunny
BRIGHT,shine
BRIGHT,vivid
BRIGHT,flashlight
BRIGHT,glow
BRIGHT,flash
BRIGHT,star
BRIGHT,highlight
BRIGHT,brilliant
BRIGHT,glare
BRIGHT,shiny
BRIGHT,yellow
BRIGHT,light
BRIGHT,lightning
BRIGHT,bold
BRIGHT,stars
BRIGHT,sunshine
BRIGHT,color
BRIGHT,smart
BRIGHT,sun
BRIGHT,golden
BRIGHT,gifted
SMOOTH,rough
SMOOTH,bumpy
SMOOTH,flat
SMOOTH,silk
SMOOTH,velvet
SMOOTH,slick
SMOOTH,satin
SMOOTH,rigid
SMOOTH,spread
SMOOTH,prickly
SMOOTH,bald
SMOOTH,crunchy
SMOOTH,shave
SMOOTH,surface
SMOOTH,glide
SMOOTH,skin
SMOOTH,sandpaper
SMOOTH,flow
SMOOTH,graceful
SMOOTH,rub
SMOOTH,vaseline
SMOOTH,soft
SMOOTH,felt
SMOOTH,operator
CIRCLE,square
CIRCLE,loop
CIRCLE,sphere
CIRCLE,diameter
CIRCLE,around
CIRCLE,round
CIRCLE,center
CIRCLE,triangle
CIRCLE,cycle
CIRCLE,dot
CIRCLE,hoop
CIRCLE,cylinder
CIRCLE,oval
CIRCLE,line
CIRCLE,tangent
CIRCLE,winner
CIRCLE,wheel
CIRCLE,arctic
CIRCLE,rectangle
CIRCLE,curve
CIRCLE,shape
CIRCLE,geometry
CIRCLE,unit
MOTHER,father
MOTHER,parent
MOTHER,daughter
MOTHER,relative
MOTHER,home
MOTHER,loving
MOTHER,relation
MOTHER,apron
MOTHER,family
MOTHER,guardian
MOTHER,mummy
MOTHER,nag
MOTHER,baby
MOTHER,helper
MOTHER,keeper
MOTHER,mary
MOTHER,fuss
MOTHER,wife
MOTHER,child
MOTHER,goose
MOTHER,kin
MOTHER,maiden
MOTHER,advice
VACATION,trip
VACATION,resort
VACATION,holiday
VACATION,tourist
VACATION,travel
VACATION,hotel
VACATION,hawaii
VACATION,visit
VACATION,tour
VACATION,luggage
VACATION,mexico
VACATION,paradise
VACATION,suitcase
VACATION,cruise
VACATION,planning
VACATION,honeymoon
VACATION,motel
VACATION,away
VACATION,baggage
VACATION,europe
VACATION,paris
VACATION,reservation
VACATION,weekend
CHEESE,cheddar
CHEESE,swiss
CHEESE,macaroni
CHEESE,grate
CHEESE,crackers
CHEESE,cottage
CHEESE,broccoli
CHEESE,cracker
CHEESE,pizza
CHEESE,ham
CHEESE,mouse
CHEESE,hamburger
CHEESE,omelet
CHEESE,melt
CHEESE,wine
CHEESE,bologna
CHEESE,cream
CHEESE,craft
CHEESE,dairy
CHEESE,noodles
CHEESE,mold
CHEESE,process
DESTROY,demolish
DESTROY,ruin
DESTROY,annihilate
DESTROY,create
DESTROY,destruction
DESTROY,build
DESTROY,kill
DESTROY,conquer
DESTROY,smash
DESTROY,make
DESTROY,disintegrate
DESTROY,break
DESTROY,damage
DESTROY,erode
DESTROY,condemn
DESTROY,explosion
DESTROY,construct
DESTROY,explode
DESTROY,restore
DESTROY,crush
DESTROY,diminish
DESTROY,rot
FINGER,hand
FINGER,nails
FINGER,thumb
FINGER,ring
FINGER,knuckle
FINGER,toes
FINGER,nail
FINGER,thimble
FINGER,fingernail
FINGER,digit
FINGER,flick
FINGER,splinter
FINGER,sticky
FINGER,touch
FINGER,trigger
FINGER,appendage
FINGER,point
FINGER,extremity
FINGER,wart
FINGER,toe
FINGER,joint
FINGER,blueprint
UNDERSTAND,comprehend
UNDERSTAND,perceive
UNDERSTAND,realize
UNDERSTAND,explain
UNDERSTAND,sympathetic
UNDERSTAND,know
UNDERSTAND,confuse
UNDERSTAND,compute
UNDERSTAND,concept
UNDERSTAND,perception
UNDERSTAND,accept
UNDERSTAND,clarify
UNDERSTAND,explanation
UNDERSTAND,acknowledge
UNDERSTAND,learning
UNDERSTAND,believe
UNDERSTAND,confusion
UNDERSTAND,grasp
UNDERSTAND,definition
UNDERSTAND,rationalize
UNDERSTAND,knowledge
UNDERSTAND,meaning
MEDICINE,prescription
MEDICINE,remedy
MEDICINE,pill
MEDICINE,ointment
MEDICINE,tylenol
MEDICINE,antidote
MEDICINE,aspirin
MEDICINE,advil
MEDICINE,drug
MEDICINE,excedrin
MEDICINE,cure
MEDICINE,doctor
MEDICINE,drugs
MEDICINE,medication
MEDICINE,tablet
MEDICINE,menthol
MEDICINE,treatment
MEDICINE,cold
MEDICINE,nurse
MEDICINE,clinic
MEDICINE,allergy
MEDICINE,syringe
CRIMINAL,suspect
CRIMINAL,convict
CRIMINAL,fugitive
CRIMINAL,outlaw
CRIMINAL,wanted
CRIMINAL,unlawful
CRIMINAL,jail
CRIMINAL,crime
CRIMINAL,villain
CRIMINAL,bandit
CRIMINAL,arrest
CRIMINAL,crook
CRIMINAL,murderer
CRIMINAL,prison
CRIMINAL,delinquent
CRIMINAL,evict
CRIMINAL,theft
CRIMINAL,law
CRIMINAL,prisoner
CRIMINAL,robber
CRIMINAL,handcuffs
CRIMINAL,robbery
PRIEST,nun
PRIEST,monk
PRIEST,rabbi
PRIEST,minister
PRIEST,friar
PRIEST,preacher
PRIEST,confession
PRIEST,monastery
PRIEST,bishop
PRIEST,holiness
PRIEST,sermon
PRIEST,catholic
PRIEST,holy
PRIEST,confess
PRIEST,blessing
PRIEST,chapel
PRIEST,pope
PRIEST,cardinal
PRIEST,sin
PRIEST,religious
PRIEST,bless
PRESIDENT,politics
PRESIDENT,election
PRESIDENT,candidate
PRESIDENT,elect
PRESIDENT,leader
PRESIDENT,leadership
PRESIDENT,campaign
PRESIDENT,executive
PRESIDENT,politician
PRESIDENT,vice
PRESIDENT,bush
PRESIDENT,democrat
PRESIDENT,dictator
PRESIDENT,chairperson
PRESIDENT,senator
PRESIDENT,vote
PRESIDENT,george
PRESIDENT,government
PRESIDENT,congress
PRESIDENT,official
PRESIDENT,speech
LAWYER,attorney
LAWYER,lawsuit
LAWYER,legal
LAWYER,sue
LAWYER,prosecute
LAWYER,lawful
LAWYER,doctor
LAWYER,judge
LAWYER,law
LAWYER,trial
LAWYER,briefcase
LAWYER,firm
LAWYER,case
LAWYER,counsel
LAWYER,defend
LAWYER,defense
LAWYER,professional
LAWYER,court
LAWYER,accuse
LAWYER,contract
LAWYER,laws
HOSPITAL,ambulance
HOSPITAL,patient
HOSPITAL,nurse
HOSPITAL,general
HOSPITAL,orderly
HOSPITAL,clinic
HOSPITAL,coma
HOSPITAL,emergency
HOSPITAL,medical
HOSPITAL,operation
HOSPITAL,heart attack
HOSPITAL,sick
HOSPITAL,volunteer
HOSPITAL,sickness
HOSPITAL,trauma
HOSPITAL,syringe
HOSPITAL,visitor
HOSPITAL,cancer
HOSPITAL,illness
HOSPITAL,surgery
HOSPITAL,memorial
MACHINE,copier
MACHINE,robot
MACHINE,mechanical
MACHINE,industry
MACHINE,message
MACHINE,crane
MACHINE,xerox
MACHINE,sew
MACHINE,copy
MACHINE,technology
MACHINE,computer
MACHINE,factory
MACHINE,inventor
MACHINE,operate
MACHINE,dishwasher
MACHINE,tractor
MACHINE,engine
MACHINE,invent
MACHINE,process
MACHINE,device
MACHINE,technician
ACCIDENT,wreck
ACCIDENT,crash
ACCIDENT,ambulance
ACCIDENT,dent
ACCIDENT,tragedy
ACCIDENT,trauma
ACCIDENT,impact
ACCIDENT,traffic
ACCIDENT,damage
ACCIDENT,fault
ACCIDENT,scar
ACCIDENT,injury
ACCIDENT,emergency
ACCIDENT,happen
ACCIDENT,reckless
ACCIDENT,smash
ACCIDENT,mistake
ACCIDENT,automobile
ACCIDENT,danger
ACCIDENT,spill
ACCIDENT,bumper
NEEDLE,thread
NEEDLE,syringe
NEEDLE,haystack
NEEDLE,injection
NEEDLE,pin
NEEDLE,thimble
NEEDLE,porcupine
NEEDLE,sew
NEEDLE,knitting
NEEDLE,knit
NEEDLE,crochet
NEEDLE,heroine
NEEDLE,pine
NEEDLE,stitch
NEEDLE,hay
NEEDLE,tread
NEEDLE,heroin
NEEDLE,compass
NEEDLE,sharp
NEEDLE,thorn
BUTTER,margarine
BUTTER,peanut
BUTTER,bread
BUTTER,spread
BUTTER,popcorn
BUTTER,melt
BUTTER,toast
BUTTER,roll
BUTTER,biscuit
BUTTER,margin
BUTTER,peanuts
BUTTER,bagel
BUTTER,pat
BUTTER,lobster
BUTTER,promise
BUTTER,muffin
BUTTER,corn
BUTTER,potato
BUTTER,almond
BUTTER,fattening
NEWSPAPER,article
NEWSPAPER,editorial
NEWSPAPER,editor
NEWSPAPER,column
NEWSPAPER,publication
NEWSPAPER,ad
NEWSPAPER,newsstand
NEWSPAPER,press
NEWSPAPER,times
NEWSPAPER,advertisement
NEWSPAPER,magazine
NEWSPAPER,daily
NEWSPAPER,journal
NEWSPAPER,printing
NEWSPAPER,gazelle
NEWSPAPER,horoscope
NEWSPAPER,media
NEWSPAPER,critic
NEWSPAPER,weekly
NEWSPAPER,issue
CHRISTMAS,ornament
CHRISTMAS,holiday
CHRISTMAS,santa
CHRISTMAS,stocking
CHRISTMAS,reindeer
CHRISTMAS,elf
CHRISTMAS,present
CHRISTMAS,sleigh
CHRISTMAS,decoration
CHRISTMAS,new year
CHRISTMAS,tradition
CHRISTMAS,joyous
CHRISTMAS,decorate
CHRISTMAS,giving
CHRISTMAS,gift
CHRISTMAS,yearly
CHRISTMAS,package
CHRISTMAS,vacation
CHRISTMAS,joy
CHRISTMAS,season
EXERCISE,aerobics
EXERCISE,workout
EXERCISE,fitness
EXERCISE,stretch
EXERCISE,sweat
EXERCISE,running
EXERCISE,gym
EXERCISE,jog
EXERCISE,fit
EXERCISE,bicycle
EXERCISE,physical
EXERCISE,active
EXERCISE,gymnastics
EXERCISE,walker
EXERCISE,walk
EXERCISE,swim
EXERCISE,athlete
EXERCISE,body
EXERCISE,headband
EXERCISE,weights
SECRET,discreet
SECRET,code
SECRET,hidden
SECRET,agent
SECRET,whisper
SECRET,private
SECRET,hint
SECRET,personal
SECRET,secretive
SECRET,confidence
SECRET,spy
SECRET,dairy
SECRET,tell
SECRET,confident
SECRET,identity
SECRET,rumor
SECRET,deodorant
SECRET,formula
SECRET,fbi
SECRET,secluded
FEELING,emotion
FEELING,mood
FEELING,intuition
FEELING,guilt
FEELING,sensitive
FEELING,expression
FEELING,aura
FEELING,instinct
FEELING,opinion
FEELING,felt
FEELING,impression
FEELING,compassion
FEELING,empathy
FEELING,sympathy
FEELING,attitude
FEELING,belief
FEELING,notion
FEELING,reaction
FEELING,affect
FEELING,esteem
IMPORTANT,urgent
IMPORTANT,critical
IMPORTANT,special
IMPORTANT,meaningful
IMPORTANT,major
IMPORTANT,necessary
IMPORTANT,executive
IMPORTANT,document
IMPORTANT,precious
IMPORTANT,matter
IMPORTANT,main
IMPORTANT,serious
IMPORTANT,highlight
IMPORTANT,sacred
IMPORTANT,valuable
IMPORTANT,monument
IMPORTANT,emergency
IMPORTANT,must
IMPORTANT,official
IMPORTANT,principal
MARRIAGE,engagement
MARRIAGE,divorce
MARRIAGE,vow
MARRIAGE,proposal
MARRIAGE,commitment
MARRIAGE,honeymoon
MARRIAGE,wed
MARRIAGE,couple
MARRIAGE,threshold
MARRIAGE,wedding
MARRIAGE,spouse
MARRIAGE,relationship
MARRIAGE,affair
MARRIAGE,ring
MARRIAGE,faithful
MARRIAGE,ceremony
MARRIAGE,status
MARRIAGE,announce
MARRIAGE,obey
FINISH,done
FINISH,start
FINISH,complete
FINISH,accomplish
FINISH,conclude
FINISH,end
FINISH,outcome
FINISH,ending
FINISH,final
FINISH,result
FINISH,diminish
FINISH,adjourn
FINISH,compete
FINISH,last
FINISH,graduate
FINISH,product
FINISH,quit
FINISH,ready
FINISH,enough
DISEASE,malaria
DISEASE,infection
DISEASE,aids
DISEASE,cancer
DISEASE,germ
DISEASE,cure
DISEASE,bacteria
DISEASE,virus
DISEASE,symptom
DISEASE,fungus
DISEASE,treatment
DISEASE,legion
DISEASE,disorder
DISEASE,rash
DISEASE,sickness
DISEASE,flu
DISEASE,contract
DISEASE,skin
DISEASE,plaque
DIAMOND,gem
DIAMOND,jewel
DIAMOND,ruby
DIAMOND,emerald
DIAMOND,jewelry
DIAMOND,sapphire
DIAMOND,necklace
DIAMOND,ring
DIAMOND,earring
DIAMOND,crystal
DIAMOND,priceless
DIAMOND,pearl
DIAMOND,valuable
DIAMOND,precious
DIAMOND,expensive
DIAMOND,luxury
DIAMOND,gold
DIAMOND,genuine
DIAMOND,coal
COFFEE,caffeine
COFFEE,tea
COFFEE,cafe
COFFEE,drip
COFFEE,cup
COFFEE,grind
COFFEE,mug
COFFEE,cream
COFFEE,doughnut
COFFEE,instant
COFFEE,sip
COFFEE,sugar
COFFEE,cups
COFFEE,morning
COFFEE,teapot
COFFEE,toast
COFFEE,blend
COFFEE,grounds
COFFEE,stir
STRING,guitar
STRING,twine
STRING,kite
STRING,yo-yo
STRING,rope
STRING,violin
STRING,shoelace
STRING,harp
STRING,knot
STRING,spool
STRING,strand
STRING,loop
STRING,ribbon
STRING,shoe
STRING,yarn
STRING,thread
STRING,bead
STRING,bean
STRING,woodwind
TROUBLE,mischief
TROUBLE,double
TROUBLE,jeopardy
TROUBLE,toil
TROUBLE,teenager
TROUBLE,help
TROUBLE,crisis
TROUBLE,danger
TROUBLE,burden
TROUBLE,conflict
TROUBLE,delinquent
TROUBLE,arrest
TROUBLE,bother
TROUBLE,fbi
TROUBLE,difficulty
TROUBLE,restriction
TROUBLE,dilemma
TROUBLE,problem
TROUBLE,consequence
COOKIE,crumb
COOKIE,jar
COOKIE,bake
COOKIE,flour
COOKIE,dough
COOKIE,oatmeal
COOKIE,biscuit
COOKIE,cracker
COOKIE,molasses
COOKIE,chip
COOKIE,fortune
COOKIE,baked
COOKIE,fig
COOKIE,milk
COOKIE,snack
COOKIE,recipe
COOKIE,scout
COOKIE,spatula
COOKIE,newton
CIGARETTE,nicotine
CIGARETTE,ashtray
CIGARETTE,menthol
CIGARETTE,smoke
CIGARETTE,smoking
CIGARETTE,tobacco
CIGARETTE,lighter
CIGARETTE,ash
CIGARETTE,cigar
CIGARETTE,camel
CIGARETTE,ashes
CIGARETTE,smoky
CIGARETTE,carton
CIGARETTE,clove
CIGARETTE,lit
CIGARETTE,puff
CIGARETTE,match
CIGARETTE,merit
VEGETABLES,tomato
VEGETABLES,cucumber
VEGETABLES,celery
VEGETABLES,carrot
VEGETABLES,beet
VEGETABLES,garden
VEGETABLES,fruit
VEGETABLES,lettuce
VEGETABLES,meat
VEGETABLES,soup
VEGETABLES,beans
VEGETABLES,potato
VEGETABLES,bean
VEGETABLES,potatoes
VEGETABLES,stew
VEGETABLES,salad
VEGETABLES,farmer
VEGETABLES,agriculture
MUSCLE,flex
MUSCLE,weights
MUSCLE,strong
MUSCLE,strength
MUSCLE,body
MUSCLE,chest
MUSCLE,stretch
MUSCLE,protein
MUSCLE,athletic
MUSCLE,abdomen
MUSCLE,sore
MUSCLE,thigh
MUSCLE,firm
MUSCLE,workout
MUSCLE,fitness
MUSCLE,gym
MUSCLE,sprain
MUSCLE,tone
TRAVEL,luggage
TRAVEL,suitcase
TRAVEL,journey
TRAVEL,map
TRAVEL,trip
TRAVEL,voyage
TRAVEL,tour
TRAVEL,agent
TRAVEL,baggage
TRAVEL,move
TRAVEL,agency
TRAVEL,europe
TRAVEL,car
TRAVEL,caravan
TRAVEL,transportation
TRAVEL,road
TRAVEL,hitchhike
TRAVEL,interstate
GROUND,earth
GROUND,hole
GROUND,camping
GROUND,play
GROUND,asphalt
GROUND,bury
GROUND,floor
GROUND,pavement
GROUND,stake
GROUND,foundation
GROUND,worm
GROUND,gravel
GROUND,dirt
GROUND,soil
GROUND,land
GROUND,mole
GROUND,till
GROUND,camp
INDIAN,tribe
INDIAN,tepee
INDIAN,chief
INDIAN,wigwam
INDIAN,reservation
INDIAN,native
INDIAN,cowboy
INDIAN,brave
INDIAN,warrior
INDIAN,canoe
INDIAN,scalp
INDIAN,arrow
INDIAN,fort
INDIAN,bravery
INDIAN,nomad
INDIAN,american
INDIAN,buffalo
WINDOW,pane
WINDOW,sill
WINDOW,shutter
WINDOW,blinds
WINDOW,curtain
WINDOW,curtains
WINDOW,door
WINDOW,ledge
WINDOW,glass
WINDOW,drapes
WINDOW,shatter
WINDOW,view
WINDOW,bedroom
WINDOW,clear
WINDOW,cleaner
WINDOW,screen
WINDOW,shield
SQUARE,rectangle
SQUARE,circle
SQUARE,triangle
SQUARE,round
SQUARE,cube
SQUARE,box
SQUARE,builder
SQUARE,area
SQUARE,block
SQUARE,village
SQUARE,room
SQUARE,pyramid
SQUARE,shape
SQUARE,blocks
SQUARE,plaza
SQUARE,times
SQUARE,angle
HAMMER,nail
HAMMER,tool
HAMMER,tools
HAMMER,chisel
HAMMER,nails
HAMMER,carpenter
HAMMER,saw
HAMMER,wrench
HAMMER,screwdriver
HAMMER,gavel
HAMMER,sickle
HAMMER,ax
HAMMER,pliers
HAMMER,jack
HAMMER,tack
HAMMER,hatchet
HAMMER,screw
PENCIL,pen
PENCIL,eraser
PENCIL,lead
PENCIL,paper
PENCIL,pad
PENCIL,draw
PENCIL,point
PENCIL,drawing
PENCIL,notebook
PENCIL,crayon
PENCIL,ruler
PENCIL,scribble
PENCIL,marker
PENCIL,holder
PENCIL,mark
PENCIL,stub
PENCIL,paperclip
PRESENT,gift
PRESENT,past
PRESENT,absent
PRESENT,package
PRESENT,wrap
PRESENT,absence
PRESENT,attendance
PRESENT,ribbon
PRESENT,future
PRESENT,introduce
PRESENT,attend
PRESENT,surprise
PRESENT,christmas
PRESENT,presentation
PRESENT,receive
PRESENT,box
PRESENT,show
LEADER,follower
LEADER,chairperson
LEADER,chief
LEADER,president
LEADER,follow
LEADER,commander
LEADER,governor
LEADER,captain
LEADER,dictator
LEADER,mayor
LEADER,master
LEADER,director
LEADER,guide
LEADER,principal
LEADER,manager
LEADER,principle
LEADER,monarch
SANDWICH,sub
SANDWICH,bologna
SANDWICH,subway
SANDWICH,mayonnaise
SANDWICH,hero
SANDWICH,peanut butter
SANDWICH,cornbeef
SANDWICH,soup
SANDWICH,tuna
SANDWICH,knuckle
SANDWICH,submarine
SANDWICH,pickle
SANDWICH,lunch
SANDWICH,ham
SANDWICH,turkey
SANDWICH,ice cream
SANDWICH,bread
NERVOUS,anxious
NERVOUS,jumpy
NERVOUS,tense
NERVOUS,uneasy
NERVOUS,frantic
NERVOUS,anxiety
NERVOUS,uptight
NERVOUS,calm
NERVOUS,interview
NERVOUS,impatience
NERVOUS,flutter
NERVOUS,panic
NERVOUS,nerves
NERVOUS,hectic
NERVOUS,uncomfortable
NERVOUS,touchy
NERVOUS,unsure
INSECT,bug
INSECT,cricket
INSECT,ant
INSECT,grasshopper
INSECT,fly
INSECT,spider
INSECT,pest
INSECT,mosquito
INSECT,moth
INSECT,butterfly
INSECT,roach
INSECT,caterpillar
INSECT,bee
INSECT,beetle
INSECT,maggot
INSECT,flea
INSECT,termite
BUSINESS,corporation
BUSINESS,industry
BUSINESS,briefcase
BUSINESS,executive
BUSINESS,company
BUSINESS,proprietor
BUSINESS,management
BUSINESS,agency
BUSINESS,firm
BUSINESS,associate
BUSINESS,economic
BUSINESS,negotiation
BUSINESS,commercial
BUSINESS,corporal
BUSINESS,office
BUSINESS,sales
BUSINESS,suit
WEDDING,ceremony
WEDDING,honeymoon
WEDDING,vow
WEDDING,ring
WEDDING,engagement
WEDDING,rice
WEDDING,tuxedo
WEDDING,gown
WEDDING,proposal
WEDDING,threshold
WEDDING,marriage
WEDDING,planning
WEDDING,wed
WEDDING,chapel
WEDDING,announce
WEDDING,formal
WEDDING,bride
BROKEN,promise
BROKEN,crutch
BROKEN,bent
BROKEN,pieces
BROKEN,fix
BROKEN,cast
BROKEN,repair
BROKEN,damage
BROKEN,torn
BROKEN,limp
BROKEN,rule
BROKEN,replace
BROKEN,leak
BROKEN,breakable
BROKEN,jaw
BROKEN,ribs
BROKEN,sling